region,item,year,yield_t_ha
Africa,Maize (corn),1961,1.0444
Africa,Maize (corn),1962,1.1112
Africa,Maize (corn),1963,1.1094000000000002
Africa,Maize (corn),1964,0.9796
Africa,Maize (corn),1965,1.0272000000000001
Africa,Maize (corn),1966,1.0729000000000002
Africa,Maize (corn),1967,1.3685
Africa,Maize (corn),1968,1.0753
Africa,Maize (corn),1969,1.1412
Africa,Maize (corn),1970,1.1382
Africa,Maize (corn),1971,1.3477000000000001
Africa,Maize (corn),1972,1.3791
Africa,Maize (corn),1973,1.0654000000000001
Africa,Maize (corn),1974,1.4605
Africa,Maize (corn),1975,1.4205999999999999
Africa,Maize (corn),1976,1.3860999999999999
Africa,Maize (corn),1977,1.5092999999999999
Africa,Maize (corn),1978,1.5377
Africa,Maize (corn),1979,1.3985
Africa,Maize (corn),1980,1.5579
Africa,Maize (corn),1981,1.8503
Africa,Maize (corn),1982,1.4669
Africa,Maize (corn),1983,1.1567
Africa,Maize (corn),1984,1.2021
Africa,Maize (corn),1985,1.4990999999999999
Africa,Maize (corn),1986,1.4493
Africa,Maize (corn),1987,1.3412
Africa,Maize (corn),1988,1.5070999999999999
Africa,Maize (corn),1989,1.6927
Africa,Maize (corn),1990,1.5132
Africa,Maize (corn),1991,1.4927000000000001
Africa,Maize (corn),1992,1.136
Africa,Maize (corn),1993,1.557
Africa,Maize (corn),1994,1.6024
Africa,Maize (corn),1995,1.3934000000000002
Africa,Maize (corn),1996,1.7152
Africa,Maize (corn),1997,1.6209
Africa,Maize (corn),1998,1.591
Africa,Maize (corn),1999,1.7458
Africa,Maize (corn),2000,1.8062
Africa,Maize (corn),2001,1.7287000000000001
Africa,Maize (corn),2002,1.7577
Africa,Maize (corn),2003,1.6127
Africa,Maize (corn),2004,1.7381
Africa,Maize (corn),2005,1.7019000000000002
Africa,Maize (corn),2006,1.7823
Africa,Maize (corn),2007,1.7284000000000002
Africa,Maize (corn),2008,1.8742999999999999
Africa,Maize (corn),2009,2.0048
Africa,Maize (corn),2010,2.0233
Africa,Maize (corn),2011,1.8735
Africa,Maize (corn),2012,1.987
Africa,Maize (corn),2013,1.9013
Africa,Maize (corn),2014,2.0865
Africa,Maize (corn),2015,1.9534
Africa,Maize (corn),2016,1.8848
Africa,Maize (corn),2017,2.1533
Africa,Maize (corn),2018,1.9839
Africa,Maize (corn),2019,2.0182
Africa,Maize (corn),2020,2.1669
Africa,Maize (corn),2021,2.2192
Africa,Maize (corn),2022,2.1885
Africa,Maize (corn),2023,2.1437
Africa,Maize (corn),2024,2.0696999999999997
Americas,Maize (corn),1961,2.6789
Americas,Maize (corn),1962,2.7199
Americas,Maize (corn),1963,2.8135
Americas,Maize (corn),1964,2.5828
Americas,Maize (corn),1965,2.9233000000000002
Americas,Maize (corn),1966,2.9125
Americas,Maize (corn),1967,3.2078
Americas,Maize (corn),1968,3.0796
Americas,Maize (corn),1969,3.2540999999999998
Americas,Maize (corn),1970,2.9503000000000004
Americas,Maize (corn),1971,3.4796
Americas,Maize (corn),1972,3.648
Americas,Maize (corn),1973,3.6327
Americas,Maize (corn),1974,3.1015
Americas,Maize (corn),1975,3.6016999999999997
Americas,Maize (corn),1976,3.6758
Americas,Maize (corn),1977,3.8035
Americas,Maize (corn),1978,4.1377
Americas,Maize (corn),1979,4.551399999999999
Americas,Maize (corn),1980,3.9573
Americas,Maize (corn),1981,4.6
Americas,Maize (corn),1982,4.704
Americas,Maize (corn),1983,3.3913
Americas,Maize (corn),1984,4.4736
Americas,Maize (corn),1985,4.9133000000000004
Americas,Maize (corn),1986,4.7891
Americas,Maize (corn),1987,4.5805
Americas,Maize (corn),1988,3.5583
Americas,Maize (corn),1989,4.6901
Americas,Maize (corn),1990,4.8706000000000005
Americas,Maize (corn),1991,4.5156
Americas,Maize (corn),1992,5.4038
Americas,Maize (corn),1993,4.4306
Americas,Maize (corn),1994,5.589
Americas,Maize (corn),1995,4.7762
Americas,Maize (corn),1996,5.3487
Americas,Maize (corn),1997,5.3899
Americas,Maize (corn),1998,5.8726
Americas,Maize (corn),1999,5.7818000000000005
Americas,Maize (corn),2000,5.8536
Americas,Maize (corn),2001,5.9284
Americas,Maize (corn),2002,5.728899999999999
Americas,Maize (corn),2003,6.2799
Americas,Maize (corn),2004,6.852600000000001
Americas,Maize (corn),2005,6.6
Americas,Maize (corn),2006,6.4506000000000006
Americas,Maize (corn),2007,6.8883
Americas,Maize (corn),2008,6.8206999999999995
Americas,Maize (corn),2009,7.1538
Americas,Maize (corn),2010,7.0842
Americas,Maize (corn),2011,6.7986
Americas,Maize (corn),2012,6.169
Americas,Maize (corn),2013,7.344600000000001
Americas,Maize (corn),2014,7.7073
Americas,Maize (corn),2015,7.7971
Americas,Maize (corn),2016,8.2249
Americas,Maize (corn),2017,8.062899999999999
Americas,Maize (corn),2018,7.7871999999999995
Americas,Maize (corn),2019,7.9017
Americas,Maize (corn),2020,7.8973
Americas,Maize (corn),2021,7.7891
Americas,Maize (corn),2022,7.5611999999999995
Americas,Maize (corn),2023,7.8771
Americas,Maize (corn),2024,7.8819
Asia,Maize (corn),1961,1.1369
Asia,Maize (corn),1962,1.1827
Asia,Maize (corn),1963,1.2419
Asia,Maize (corn),1964,1.3197
Asia,Maize (corn),1965,1.322
Asia,Maize (corn),1966,1.4279000000000002
Asia,Maize (corn),1967,1.5737
Asia,Maize (corn),1968,1.4843
Asia,Maize (corn),1969,1.4837
Asia,Maize (corn),1970,1.6969
Asia,Maize (corn),1971,1.6807999999999998
Asia,Maize (corn),1972,1.5794000000000001
Asia,Maize (corn),1973,1.768
Asia,Maize (corn),1974,1.8759000000000001
Asia,Maize (corn),1975,1.9825
Asia,Maize (corn),1976,1.967
Asia,Maize (corn),1977,1.9570999999999998
Asia,Maize (corn),1978,2.137
Asia,Maize (corn),1979,2.2382
Asia,Maize (corn),1980,2.3235
Asia,Maize (corn),1981,2.2992
Asia,Maize (corn),1982,2.4358
Asia,Maize (corn),1983,2.6478
Asia,Maize (corn),1984,2.8476999999999997
Asia,Maize (corn),1985,2.6315
Asia,Maize (corn),1986,2.7361
Asia,Maize (corn),1987,2.8632
Asia,Maize (corn),1988,2.8888000000000003
Asia,Maize (corn),1989,2.9492
Asia,Maize (corn),1990,3.3161
Asia,Maize (corn),1991,3.3744
Asia,Maize (corn),1992,3.3901
Asia,Maize (corn),1993,3.6259
Asia,Maize (corn),1994,3.4673000000000003
Asia,Maize (corn),1995,3.6007
Asia,Maize (corn),1996,3.8527
Asia,Maize (corn),1997,3.4035
Asia,Maize (corn),1998,3.9893
Asia,Maize (corn),1999,3.8145
Asia,Maize (corn),2000,3.5569
Asia,Maize (corn),2001,3.7149
Asia,Maize (corn),2002,3.8146
Asia,Maize (corn),2003,3.8264
Asia,Maize (corn),2004,4.0454
Asia,Maize (corn),2005,4.1888000000000005
Asia,Maize (corn),2006,4.2723
Asia,Maize (corn),2007,4.2941
Asia,Maize (corn),2008,4.535100000000001
Asia,Maize (corn),2009,4.3957
Asia,Maize (corn),2010,4.6013
Asia,Maize (corn),2011,4.8274
Asia,Maize (corn),2012,4.9651000000000005
Asia,Maize (corn),2013,5.113
Asia,Maize (corn),2014,4.9954
Asia,Maize (corn),2015,5.1841
Asia,Maize (corn),2016,5.2325
Asia,Maize (corn),2017,5.3616
Asia,Maize (corn),2018,5.3804
Asia,Maize (corn),2019,5.5682
Asia,Maize (corn),2020,5.559399999999999
Asia,Maize (corn),2021,5.583
Asia,Maize (corn),2022,5.728800000000001
Asia,Maize (corn),2023,5.7725
Asia,Maize (corn),2024,5.854
Europe,Maize (corn),1961,2.1695
Europe,Maize (corn),1962,2.1203000000000003
Europe,Maize (corn),1963,2.0867
Europe,Maize (corn),1964,2.5923000000000003
Europe,Maize (corn),1965,2.4042
Europe,Maize (corn),1966,2.9092
Europe,Maize (corn),1967,2.765
Europe,Maize (corn),1968,2.8635
Europe,Maize (corn),1969,3.1968
Europe,Maize (corn),1970,3.154
Europe,Maize (corn),1971,3.3123
Europe,Maize (corn),1972,3.378
Europe,Maize (corn),1973,3.6816
Europe,Maize (corn),1974,3.5105
Europe,Maize (corn),1975,3.7224
Europe,Maize (corn),1976,3.6869
Europe,Maize (corn),1977,4.0003
Europe,Maize (corn),1978,4.0613
Europe,Maize (corn),1979,4.357399999999999
Europe,Maize (corn),1980,4.211399999999999
Europe,Maize (corn),1981,4.125
Europe,Maize (corn),1982,4.847
Europe,Maize (corn),1983,4.5905
Europe,Maize (corn),1984,4.6175
Europe,Maize (corn),1985,4.598199999999999
Europe,Maize (corn),1986,4.7813
Europe,Maize (corn),1987,4.4846
Europe,Maize (corn),1988,4.5779
Europe,Maize (corn),1989,4.693
Europe,Maize (corn),1990,4.2029
Europe,Maize (corn),1991,5.2891
Europe,Maize (corn),1992,4.1993
Europe,Maize (corn),1993,4.4626
Europe,Maize (corn),1994,4.606199999999999
Europe,Maize (corn),1995,4.905399999999999
Europe,Maize (corn),1996,5.142399999999999
Europe,Maize (corn),1997,5.833
Europe,Maize (corn),1998,5.168699999999999
Europe,Maize (corn),1999,5.7863999999999995
Europe,Maize (corn),2000,4.7009
Europe,Maize (corn),2001,5.6493
Europe,Maize (corn),2002,5.741899999999999
Europe,Maize (corn),2003,4.6821
Europe,Maize (corn),2004,6.1364
Europe,Maize (corn),2005,6.237100000000001
Europe,Maize (corn),2006,5.7
Europe,Maize (corn),2007,5.1097
Europe,Maize (corn),2008,6.0647
Europe,Maize (corn),2009,6.0713
Europe,Maize (corn),2010,6.0964
Europe,Maize (corn),2011,6.6726
Europe,Maize (corn),2012,5.2558
Europe,Maize (corn),2013,6.3324
Europe,Maize (corn),2014,6.8936
Europe,Maize (corn),2015,5.8311
Europe,Maize (corn),2016,6.7433000000000005
Europe,Maize (corn),2017,6.3916
Europe,Maize (corn),2018,7.5282
Europe,Maize (corn),2019,7.237100000000001
Europe,Maize (corn),2020,6.3878
Europe,Maize (corn),2021,7.2158999999999995
Europe,Maize (corn),2022,5.888
Europe,Maize (corn),2023,7.0617
Europe,Maize (corn),2024,6.363
Oceania,Maize (corn),1961,2.1532
Oceania,Maize (corn),1962,2.2401
Oceania,Maize (corn),1963,2.3059000000000003
Oceania,Maize (corn),1964,2.0745999999999998
Oceania,Maize (corn),1965,2.1892
Oceania,Maize (corn),1966,1.7335
Oceania,Maize (corn),1967,2.4436
Oceania,Maize (corn),1968,2.4713000000000003
Oceania,Maize (corn),1969,2.6841999999999997
Oceania,Maize (corn),1970,2.8158000000000003
Oceania,Maize (corn),1971,3.1715
Oceania,Maize (corn),1972,3.5065
Oceania,Maize (corn),1973,3.5049
Oceania,Maize (corn),1974,3.2808
Oceania,Maize (corn),1975,3.9758
Oceania,Maize (corn),1976,4.264399999999999
Oceania,Maize (corn),1977,4.2655
Oceania,Maize (corn),1978,4.2123
Oceania,Maize (corn),1979,4.6943
Oceania,Maize (corn),1980,4.0891
Oceania,Maize (corn),1981,4.2902
Oceania,Maize (corn),1982,4.6621999999999995
Oceania,Maize (corn),1983,3.3866
Oceania,Maize (corn),1984,4.447
Oceania,Maize (corn),1985,3.8188
Oceania,Maize (corn),1986,4.4145
Oceania,Maize (corn),1987,4.8427
Oceania,Maize (corn),1988,4.6683
Oceania,Maize (corn),1989,5.1494
Oceania,Maize (corn),1990,5.253
Oceania,Maize (corn),1991,5.4007
Oceania,Maize (corn),1992,5.9944
Oceania,Maize (corn),1993,5.2532
Oceania,Maize (corn),1994,5.709
Oceania,Maize (corn),1995,5.8486
Oceania,Maize (corn),1996,6.9064
Oceania,Maize (corn),1997,6.7039
Oceania,Maize (corn),1998,5.8571
Oceania,Maize (corn),1999,6.123
Oceania,Maize (corn),2000,5.751600000000001
Oceania,Maize (corn),2001,5.603800000000001
Oceania,Maize (corn),2002,5.7891
Oceania,Maize (corn),2003,7.2566999999999995
Oceania,Maize (corn),2004,6.7871999999999995
Oceania,Maize (corn),2005,6.6755
Oceania,Maize (corn),2006,6.4585
Oceania,Maize (corn),2007,6.2353000000000005
Oceania,Maize (corn),2008,6.6505
Oceania,Maize (corn),2009,6.9189
Oceania,Maize (corn),2010,6.5344
Oceania,Maize (corn),2011,6.8467
Oceania,Maize (corn),2012,7.227399999999999
Oceania,Maize (corn),2013,7.091
Oceania,Maize (corn),2014,8.1843
Oceania,Maize (corn),2015,8.797600000000001
Oceania,Maize (corn),2016,8.2819
Oceania,Maize (corn),2017,7.033
Oceania,Maize (corn),2018,8.004100000000001
Oceania,Maize (corn),2019,6.7592
Oceania,Maize (corn),2020,8.2075
Oceania,Maize (corn),2021,7.762899999999999
Oceania,Maize (corn),2022,8.668899999999999
Oceania,Maize (corn),2023,5.9106000000000005
Oceania,Maize (corn),2024,7.0062
Africa,Rice,1961,1.552
Africa,Rice,1962,1.8008
Africa,Rice,1963,1.9113
Africa,Rice,1964,1.8306
Africa,Rice,1965,1.7468
Africa,Rice,1966,1.7178
Africa,Rice,1967,1.8656
Africa,Rice,1968,1.901
Africa,Rice,1969,1.9570999999999998
Africa,Rice,1970,1.9221
Africa,Rice,1971,1.8835
Africa,Rice,1972,1.8974000000000002
Africa,Rice,1973,1.8491
Africa,Rice,1974,1.8937
Africa,Rice,1975,1.8961
Africa,Rice,1976,1.8224
Africa,Rice,1977,1.7804
Africa,Rice,1978,1.8103
Africa,Rice,1979,1.7832999999999999
Africa,Rice,1980,1.8291
Africa,Rice,1981,1.785
Africa,Rice,1982,1.8131
Africa,Rice,1983,1.8812
Africa,Rice,1984,1.8742
Africa,Rice,1985,1.9394
Africa,Rice,1986,1.956
Africa,Rice,1987,2.0112
Africa,Rice,1988,1.9133
Africa,Rice,1989,2.0124
Africa,Rice,1990,2.1041
Africa,Rice,1991,2.0816999999999997
Africa,Rice,1992,2.0946
Africa,Rice,1993,2.1915999999999998
Africa,Rice,1994,2.0530999999999997
Africa,Rice,1995,2.1309
Africa,Rice,1996,2.2585
Africa,Rice,1997,2.2038
Africa,Rice,1998,2.0975
Africa,Rice,1999,2.3228
Africa,Rice,2000,2.3133000000000004
Africa,Rice,2001,2.2077
Africa,Rice,2002,2.1942
Africa,Rice,2003,2.2676999999999996
Africa,Rice,2004,2.2715
Africa,Rice,2005,2.2742
Africa,Rice,2006,2.3556
Africa,Rice,2007,2.4061
Africa,Rice,2008,2.5867
Africa,Rice,2009,2.5889
Africa,Rice,2010,2.2945
Africa,Rice,2011,2.4185
Africa,Rice,2012,2.4028
Africa,Rice,2013,2.3674
Africa,Rice,2014,2.3649
Africa,Rice,2015,2.3014
Africa,Rice,2016,2.3102
Africa,Rice,2017,2.2428000000000003
Africa,Rice,2018,2.1851
Africa,Rice,2019,2.3341999999999996
Africa,Rice,2020,2.3996
Africa,Rice,2021,2.3654
Africa,Rice,2022,2.3288
Africa,Rice,2023,2.3521
Africa,Rice,2024,2.3715
Americas,Rice,1961,2.053
Americas,Rice,1962,2.0907
Americas,Rice,1963,2.0286
Americas,Rice,1964,2.0039000000000002
Americas,Rice,1965,2.0947
Americas,Rice,1966,2.0545999999999998
Americas,Rice,1967,2.1778000000000004
Americas,Rice,1968,2.1494
Americas,Rice,1969,2.0522
Americas,Rice,1970,2.1329000000000002
Americas,Rice,1971,2.0835
Americas,Rice,1972,2.1877
Americas,Rice,1973,2.1881
Americas,Rice,1974,2.3076
Americas,Rice,1975,2.3384
Americas,Rice,1976,2.1603000000000003
Americas,Rice,1977,2.2217
Americas,Rice,1978,2.2424
Americas,Rice,1979,2.3491999999999997
Americas,Rice,1980,2.4166999999999996
Americas,Rice,1981,2.4615
Americas,Rice,1982,2.5633000000000004
Americas,Rice,1983,2.4246999999999996
Americas,Rice,1984,2.6801
Americas,Rice,1985,2.8914
Americas,Rice,1986,2.7502
Americas,Rice,1987,2.6780999999999997
Americas,Rice,1988,2.9119
Americas,Rice,1989,3.097
Americas,Rice,1990,3.0959
Americas,Rice,1991,3.3125999999999998
Americas,Rice,1992,3.2611
Americas,Rice,1993,3.3116
Americas,Rice,1994,3.5385999999999997
Americas,Rice,1995,3.576
Americas,Rice,1996,3.8636999999999997
Americas,Rice,1997,4.0102
Americas,Rice,1998,3.8089
Americas,Rice,1999,4.1732
Americas,Rice,2000,4.1472
Americas,Rice,2001,4.4495
Americas,Rice,2002,4.499
Americas,Rice,2003,4.4552
Americas,Rice,2004,4.6431000000000004
Americas,Rice,2005,4.4728
Americas,Rice,2006,4.8828000000000005
Americas,Rice,2007,4.9233
Americas,Rice,2008,5.1305
Americas,Rice,2009,5.1941999999999995
Americas,Rice,2010,5.001600000000001
Americas,Rice,2011,5.3182
Americas,Rice,2012,5.4002
Americas,Rice,2013,5.479100000000001
Americas,Rice,2014,5.7158
Americas,Rice,2015,5.951
Americas,Rice,2016,5.821
Americas,Rice,2017,5.959
Americas,Rice,2018,6.1236999999999995
Americas,Rice,2019,6.0426
Americas,Rice,2020,6.333699999999999
Americas,Rice,2021,6.3795
Americas,Rice,2022,6.1962
Americas,Rice,2023,6.461
Americas,Rice,2024,6.3991999999999996
Asia,Rice,1961,1.8585
Asia,Rice,1962,1.8789
Asia,Rice,1963,2.0533
Asia,Rice,1964,2.1067
Asia,Rice,1965,2.032
Asia,Rice,1966,2.0801
Asia,Rice,1967,2.1731
Asia,Rice,1968,2.2382
Asia,Rice,1969,2.2628000000000004
Asia,Rice,1970,2.3991
Asia,Rice,1971,2.3811
Asia,Rice,1972,2.3345
Asia,Rice,1973,2.4738
Asia,Rice,1974,2.4356
Asia,Rice,1975,2.5376
Asia,Rice,1976,2.482
Asia,Rice,1977,2.6125
Asia,Rice,1978,2.7342
Asia,Rice,1979,2.6974
Asia,Rice,1980,2.7916
Asia,Rice,1981,2.8799
Asia,Rice,1982,3.0446999999999997
Asia,Rice,1983,3.2177
Asia,Rice,1984,3.3036
Asia,Rice,1985,3.3179000000000003
Asia,Rice,1986,3.3155
Asia,Rice,1987,3.3494
Asia,Rice,1988,3.4086999999999996
Asia,Rice,1989,3.5396
Asia,Rice,1990,3.6071999999999997
Asia,Rice,1991,3.6084
Asia,Rice,1992,3.6822
Asia,Rice,1993,3.7078
Asia,Rice,1994,3.7519
Asia,Rice,1995,3.7298
Asia,Rice,1996,3.7583
Asia,Rice,1997,3.8781999999999996
Asia,Rice,1998,3.8775999999999997
Asia,Rice,1999,3.964
Asia,Rice,2000,3.9388
Asia,Rice,2001,4.0078000000000005
Asia,Rice,2002,3.9304
Asia,Rice,2003,4.0124
Asia,Rice,2004,4.085
Asia,Rice,2005,4.1673
Asia,Rice,2006,4.1961
Asia,Rice,2007,4.283399999999999
Asia,Rice,2008,4.381399999999999
Asia,Rice,2009,4.3901
Asia,Rice,2010,4.425
Asia,Rice,2011,4.5557
Asia,Rice,2012,4.6522
Asia,Rice,2013,4.6451
Asia,Rice,2014,4.6606000000000005
Asia,Rice,2015,4.7063999999999995
Asia,Rice,2016,4.725
Asia,Rice,2017,4.7587
Asia,Rice,2018,4.8515
Asia,Rice,2019,4.8865
Asia,Rice,2020,4.8671999999999995
Asia,Rice,2021,4.9405
Asia,Rice,2022,4.9422
Asia,Rice,2023,4.9971000000000005
Asia,Rice,2024,4.9894
Europe,Rice,1961,4.12
Europe,Rice,1962,4.1653
Europe,Rice,1963,3.9805
Europe,Rice,1964,3.8435
Europe,Rice,1965,3.4238000000000004
Europe,Rice,1966,3.7318000000000002
Europe,Rice,1967,3.9924
Europe,Rice,1968,3.7103
Europe,Rice,1969,4.0167
Europe,Rice,1970,3.9836
Europe,Rice,1971,3.9944
Europe,Rice,1972,3.8013000000000003
Europe,Rice,1973,4.1697
Europe,Rice,1974,4.1099
Europe,Rice,1975,4.3143
Europe,Rice,1976,3.8935999999999997
Europe,Rice,1977,3.7586999999999997
Europe,Rice,1978,3.8608000000000002
Europe,Rice,1979,4.2801
Europe,Rice,1980,4.2938
Europe,Rice,1981,4.166300000000001
Europe,Rice,1982,4.1514
Europe,Rice,1983,4.2023
Europe,Rice,1984,4.209899999999999
Europe,Rice,1985,4.3019
Europe,Rice,1986,4.5331
Europe,Rice,1987,4.271
Europe,Rice,1988,4.343
Europe,Rice,1989,4.0811
Europe,Rice,1990,4.2982
Europe,Rice,1991,4.2177
Europe,Rice,1992,4.5546999999999995
Europe,Rice,1993,4.320399999999999
Europe,Rice,1994,4.7308
Europe,Rice,1995,4.9458
Europe,Rice,1996,5.1007
Europe,Rice,1997,5.2566999999999995
Europe,Rice,1998,5.5013000000000005
Europe,Rice,1999,5.4735
Europe,Rice,2000,5.2475
Europe,Rice,2001,5.538
Europe,Rice,2002,5.7695
Europe,Rice,2003,5.6022
Europe,Rice,2004,5.9367
Europe,Rice,2005,5.804600000000001
Europe,Rice,2006,5.7599
Europe,Rice,2007,5.9597
Europe,Rice,2008,5.8138000000000005
Europe,Rice,2009,6.3677
Europe,Rice,2010,6.029
Europe,Rice,2011,6.0447
Europe,Rice,2012,6.4818
Europe,Rice,2013,6.2085
Europe,Rice,2014,6.198300000000001
Europe,Rice,2015,6.4707
Europe,Rice,2016,6.3596
Europe,Rice,2017,6.446
Europe,Rice,2018,6.469399999999999
Europe,Rice,2019,6.464600000000001
Europe,Rice,2020,6.380199999999999
Europe,Rice,2021,6.2322
Europe,Rice,2022,5.7446
Europe,Rice,2023,6.1849
Europe,Rice,2024,6.3987
Oceania,Rice,1961,4.2536000000000005
Oceania,Rice,1962,4.8484
Oceania,Rice,1963,4.6804
Oceania,Rice,1964,4.7648
Oceania,Rice,1965,5.1736
Oceania,Rice,1966,5.7925
Oceania,Rice,1967,6.049300000000001
Oceania,Rice,1968,6.0659
Oceania,Rice,1969,6.3811
Oceania,Rice,1970,5.2477
Oceania,Rice,1971,6.275600000000001
Oceania,Rice,1972,5.3325
Oceania,Rice,1973,6.0726
Oceania,Rice,1974,5.5522
Oceania,Rice,1975,4.7486999999999995
Oceania,Rice,1976,5.162100000000001
Oceania,Rice,1977,5.3551
Oceania,Rice,1978,4.9816
Oceania,Rice,1979,5.8757
Oceania,Rice,1980,4.99
Oceania,Rice,1981,6.6858
Oceania,Rice,1982,6.3487
Oceania,Rice,1983,6.1548
Oceania,Rice,1984,5.0226999999999995
Oceania,Rice,1985,6.607600000000001
Oceania,Rice,1986,5.976
Oceania,Rice,1987,5.2839
Oceania,Rice,1988,6.6628
Oceania,Rice,1989,7.5808
Oceania,Rice,1990,8.0836
Oceania,Rice,1991,8.0138
Oceania,Rice,1992,8.296100000000001
Oceania,Rice,1993,7.2432
Oceania,Rice,1994,7.7968
Oceania,Rice,1995,8.4466
Oceania,Rice,1996,6.1078
Oceania,Rice,1997,8.0168
Oceania,Rice,1998,8.9235
Oceania,Rice,1999,8.8684
Oceania,Rice,2000,7.9942
Oceania,Rice,2001,9.0513
Oceania,Rice,2002,8.0193
Oceania,Rice,2003,8.540299999999998
Oceania,Rice,2004,7.7355
Oceania,Rice,2005,6.0555
Oceania,Rice,2006,9.3455
Oceania,Rice,2007,6.793100000000001
Oceania,Rice,2008,3.6635999999999997
Oceania,Rice,2009,5.913600000000001
Oceania,Rice,2010,8.953
Oceania,Rice,2011,9.1532
Oceania,Rice,2012,8.6812
Oceania,Rice,2013,9.9601
Oceania,Rice,2014,10.3887
Oceania,Rice,2015,9.4997
Oceania,Rice,2016,9.1106
Oceania,Rice,2017,9.405100000000001
Oceania,Rice,2018,9.869
Oceania,Rice,2019,6.7255
Oceania,Rice,2020,6.71
Oceania,Rice,2021,8.8105
Oceania,Rice,2022,10.4521
Oceania,Rice,2023,9.052200000000001
Oceania,Rice,2024,11.1159
Africa,Wheat,1961,0.693
Africa,Wheat,1962,0.9236
Africa,Wheat,1963,0.899
Africa,Wheat,1964,0.8736
Africa,Wheat,1965,0.8287
Africa,Wheat,1966,0.7604
Africa,Wheat,1967,0.8422999999999999
Africa,Wheat,1968,0.9922000000000001
Africa,Wheat,1969,0.8102999999999999
Africa,Wheat,1970,0.8703
Africa,Wheat,1971,0.9828
Africa,Wheat,1972,0.9917999999999999
Africa,Wheat,1973,0.9402
Africa,Wheat,1974,0.9711000000000001
Africa,Wheat,1975,1.1004
Africa,Wheat,1976,1.1177000000000001
Africa,Wheat,1977,0.9269
Africa,Wheat,1978,1.0459
Africa,Wheat,1979,1.0458
Africa,Wheat,1980,1.0988
Africa,Wheat,1981,1.134
Africa,Wheat,1982,1.275
Africa,Wheat,1983,1.1231
Africa,Wheat,1984,1.1438
Africa,Wheat,1985,1.2475999999999998
Africa,Wheat,1986,1.4427999999999999
Africa,Wheat,1987,1.5012999999999999
Africa,Wheat,1988,1.7497
Africa,Wheat,1989,1.4810999999999999
Africa,Wheat,1990,1.5980999999999999
Africa,Wheat,1991,1.8942
Africa,Wheat,1992,1.6495
Africa,Wheat,1993,1.6276
Africa,Wheat,1994,1.9150999999999998
Africa,Wheat,1995,1.6212
Africa,Wheat,1996,2.0284
Africa,Wheat,1997,1.7975999999999999
Africa,Wheat,1998,1.8642
Africa,Wheat,1999,1.8099
Africa,Wheat,2000,1.752
Africa,Wheat,2001,2.0245
Africa,Wheat,2002,2.1283000000000003
Africa,Wheat,2003,2.2131
Africa,Wheat,2004,2.2137
Africa,Wheat,2005,2.1353
Africa,Wheat,2006,2.4583000000000004
Africa,Wheat,2007,2.0409
Africa,Wheat,2008,2.2847
Africa,Wheat,2009,2.5228
Africa,Wheat,2010,2.2842
Africa,Wheat,2011,2.5336999999999996
Africa,Wheat,2012,2.393
Africa,Wheat,2013,2.7919
Africa,Wheat,2014,2.5699
Africa,Wheat,2015,2.8456
Africa,Wheat,2016,2.4168000000000003
Africa,Wheat,2017,2.5539
Africa,Wheat,2018,2.9174
Africa,Wheat,2019,2.7249
Africa,Wheat,2020,2.5313000000000003
Africa,Wheat,2021,3.1837
Africa,Wheat,2022,2.7435
Africa,Wheat,2023,2.789
Africa,Wheat,2024,2.9366999999999996
Americas,Wheat,1961,1.2980999999999998
Americas,Wheat,1962,1.5471
Americas,Wheat,1963,1.6568
Americas,Wheat,1964,1.6242
Americas,Wheat,1965,1.6334000000000002
Americas,Wheat,1966,1.7003
Americas,Wheat,1967,1.5475
Americas,Wheat,1968,1.6342
Americas,Wheat,1969,1.838
Americas,Wheat,1970,1.8705999999999998
Americas,Wheat,1971,1.9497
Americas,Wheat,1972,1.8638
Americas,Wheat,1973,1.9134
Americas,Wheat,1974,1.7007999999999999
Americas,Wheat,1975,1.8697000000000001
Americas,Wheat,1976,1.9324000000000001
Americas,Wheat,1977,1.8834000000000002
Americas,Wheat,1978,1.9716
Americas,Wheat,1979,1.9549
Americas,Wheat,1980,1.981
Americas,Wheat,1981,2.1095
Americas,Wheat,1982,2.2167
Americas,Wheat,1983,2.2805
Americas,Wheat,1984,2.2739000000000003
Americas,Wheat,1985,2.1940999999999997
Americas,Wheat,1986,2.1969000000000003
Americas,Wheat,1987,2.2665
Americas,Wheat,1988,1.9225
Americas,Wheat,1989,2.0674
Americas,Wheat,1990,2.416
Americas,Wheat,1991,2.2746999999999997
Americas,Wheat,1992,2.4421
Americas,Wheat,1993,2.3995
Americas,Wheat,1994,2.3937
Americas,Wheat,1995,2.3186999999999998
Americas,Wheat,1996,2.413
Americas,Wheat,1997,2.513
Americas,Wheat,1998,2.6385
Americas,Wheat,1999,2.7232
Americas,Wheat,2000,2.6656999999999997
Americas,Wheat,2001,2.422
Americas,Wheat,2002,2.1834000000000002
Americas,Wheat,2003,2.7146999999999997
Americas,Wheat,2004,2.7625
Americas,Wheat,2005,2.7454
Americas,Wheat,2006,2.6062
Americas,Wheat,2007,2.6576999999999997
Americas,Wheat,2008,2.8684000000000003
Americas,Wheat,2009,2.8834
Americas,Wheat,2010,3.1172
Americas,Wheat,2011,3.0115
Americas,Wheat,2012,3.0044
Americas,Wheat,2013,3.2349
Americas,Wheat,2014,2.9313000000000002
Americas,Wheat,2015,2.8899
Americas,Wheat,2016,3.5080999999999998
Americas,Wheat,2017,3.1806
Americas,Wheat,2018,3.205
Americas,Wheat,2019,3.3234
Americas,Wheat,2020,3.263
Americas,Wheat,2021,2.9541999999999997
Americas,Wheat,2022,3.1489000000000003
Americas,Wheat,2023,3.1175
Americas,Wheat,2024,3.2811
Asia,Wheat,1961,0.7486
Asia,Wheat,1962,0.8448
Asia,Wheat,1963,0.8532000000000001
Asia,Wheat,1964,0.8431000000000001
Asia,Wheat,1965,0.9755
Asia,Wheat,1966,0.9661000000000001
Asia,Wheat,1967,1.0342
Asia,Wheat,1968,1.0845
Asia,Wheat,1969,1.0994000000000002
Asia,Wheat,1970,1.1129
Asia,Wheat,1971,1.2257
Asia,Wheat,1972,1.2962
Asia,Wheat,1973,1.2162
Asia,Wheat,1974,1.2759
Asia,Wheat,1975,1.4195
Asia,Wheat,1976,1.5385
Asia,Wheat,1977,1.412
Asia,Wheat,1978,1.5712000000000002
Asia,Wheat,1979,1.7383
Asia,Wheat,1980,1.6122
Asia,Wheat,1981,1.7415999999999998
Asia,Wheat,1982,1.8974000000000002
Asia,Wheat,1983,2.0534
Asia,Wheat,1984,2.1447
Asia,Wheat,1985,2.1317
Asia,Wheat,1986,2.2903000000000002
Asia,Wheat,1987,2.1888
Asia,Wheat,1988,2.2488
Asia,Wheat,1989,2.2975
Asia,Wheat,1990,2.3842
Asia,Wheat,1991,2.3924000000000003
Asia,Wheat,1992,2.3489
Asia,Wheat,1993,2.3392
Asia,Wheat,1994,2.2596999999999996
Asia,Wheat,1995,2.3764000000000003
Asia,Wheat,1996,2.418
Asia,Wheat,1997,2.6161
Asia,Wheat,1998,2.5174000000000003
Asia,Wheat,1999,2.6502
Asia,Wheat,2000,2.5984000000000003
Asia,Wheat,2001,2.601
Asia,Wheat,2002,2.6223
Asia,Wheat,2003,2.5941
Asia,Wheat,2004,2.6801
Asia,Wheat,2005,2.6851
Asia,Wheat,2006,2.8304
Asia,Wheat,2007,2.8653000000000004
Asia,Wheat,2008,2.821
Asia,Wheat,2009,2.9464
Asia,Wheat,2010,2.8516999999999997
Asia,Wheat,2011,3.0505999999999998
Asia,Wheat,2012,3.0549
Asia,Wheat,2013,3.114
Asia,Wheat,2014,3.162
Asia,Wheat,2015,3.1908000000000003
Asia,Wheat,2016,3.2719
Asia,Wheat,2017,3.3684000000000003
Asia,Wheat,2018,3.4114
Asia,Wheat,2019,3.4812
Asia,Wheat,2020,3.4717
Asia,Wheat,2021,3.4652
Asia,Wheat,2022,3.565
Asia,Wheat,2023,3.5253
Asia,Wheat,2024,3.6305
Europe,Wheat,1961,1.2562
Europe,Wheat,1962,1.3269000000000002
Europe,Wheat,1963,1.0997000000000001
Europe,Wheat,1964,1.3518
Europe,Wheat,1965,1.2469000000000001
Europe,Wheat,1966,1.6035
Europe,Wheat,1967,1.5323
Europe,Wheat,1968,1.6744
Europe,Wheat,1969,1.5608
Europe,Wheat,1970,1.734
Europe,Wheat,1971,1.8973
Europe,Wheat,1972,1.8864
Europe,Wheat,1973,2.0696
Europe,Wheat,1974,1.9479000000000002
Europe,Wheat,1975,1.5951
Europe,Wheat,1976,2.0484
Europe,Wheat,1977,1.9432
Europe,Wheat,1978,2.3350999999999997
Europe,Wheat,1979,2.0396
Europe,Wheat,1980,2.1891
Europe,Wheat,1981,1.9995
Europe,Wheat,1982,2.1859
Europe,Wheat,1983,2.276
Europe,Wheat,1984,2.4773
Europe,Wheat,1985,2.4217
Europe,Wheat,1986,2.6585
Europe,Wheat,1987,2.6182
Europe,Wheat,1988,2.6995999999999998
Europe,Wheat,1989,2.8562
Europe,Wheat,1990,3.0867
Europe,Wheat,1991,2.8011999999999997
Europe,Wheat,1992,3.2087
Europe,Wheat,1993,3.211
Europe,Wheat,1994,3.1324
Europe,Wheat,1995,3.1611
Europe,Wheat,1996,3.2072
Europe,Wheat,1997,3.3165
Europe,Wheat,1998,3.4066
Europe,Wheat,1999,3.3041
Europe,Wheat,2000,3.3203
Europe,Wheat,2001,3.4591
Europe,Wheat,2002,3.5123
Europe,Wheat,2003,3.2401
Europe,Wheat,2004,3.8594
Europe,Wheat,2005,3.4947
Europe,Wheat,2006,3.4668
Europe,Wheat,2007,3.3778
Europe,Wheat,2008,4.0245999999999995
Europe,Wheat,2009,3.7417
Europe,Wheat,2010,3.6081
Europe,Wheat,2011,3.7793
Europe,Wheat,2012,3.5532
Europe,Wheat,2013,3.9071
Europe,Wheat,2014,4.245
Europe,Wheat,2015,4.188
Europe,Wheat,2016,4.029
Europe,Wheat,2017,4.401800000000001
Europe,Wheat,2018,3.9956
Europe,Wheat,2019,4.2657
Europe,Wheat,2020,4.141
Europe,Wheat,2021,4.283399999999999
Europe,Wheat,2022,4.514399999999999
Europe,Wheat,2023,4.4053
Europe,Wheat,2024,4.2133
Oceania,Wheat,1961,1.1569
Oceania,Wheat,1962,1.2709000000000001
Oceania,Wheat,1963,1.3575
Oceania,Wheat,1964,1.4059000000000001
Oceania,Wheat,1965,1.0216
Oceania,Wheat,1966,1.527
Oceania,Wheat,1967,0.8603999999999999
Oceania,Wheat,1968,1.3896
Oceania,Wheat,1969,1.1445
Oceania,Wheat,1970,1.2414
Oceania,Wheat,1971,1.2344000000000002
Oceania,Wheat,1972,0.9051
Oceania,Wheat,1973,1.3652
Oceania,Wheat,1974,1.3817000000000002
Oceania,Wheat,1975,1.4121
Oceania,Wheat,1976,1.3453
Oceania,Wheat,1977,0.9675
Oceania,Wheat,1978,1.7812999999999999
Oceania,Wheat,1979,1.4665
Oceania,Wheat,1980,0.9818
Oceania,Wheat,1981,1.3944
Oceania,Wheat,1982,0.7908999999999999
Oceania,Wheat,1983,1.7164000000000001
Oceania,Wheat,1984,1.5626
Oceania,Wheat,1985,1.3875
Oceania,Wheat,1986,1.4697
Oceania,Wheat,1987,1.3891
Oceania,Wheat,1988,1.5929
Oceania,Wheat,1989,1.587
Oceania,Wheat,1990,1.6479000000000001
Oceania,Wheat,1991,1.4872
Oceania,Wheat,1992,1.7960999999999998
Oceania,Wheat,1993,1.9823
Oceania,Wheat,1994,1.1597
Oceania,Wheat,1995,1.8062
Oceania,Wheat,1996,2.1118
Oceania,Wheat,1997,1.8616
Oceania,Wheat,1998,1.8778
Oceania,Wheat,1999,2.0238
Oceania,Wheat,2000,1.8397999999999999
Oceania,Wheat,2001,2.1302
Oceania,Wheat,2002,0.9305
Oceania,Wheat,2003,2.0177
Oceania,Wheat,2004,1.6491
Oceania,Wheat,2005,2.0405
Oceania,Wheat,2006,0.9364
Oceania,Wheat,2007,1.1025999999999998
Oceania,Wheat,2008,1.6035
Oceania,Wheat,2009,1.5957999999999999
Oceania,Wheat,2010,2.0547
Oceania,Wheat,2011,2.1705
Oceania,Wheat,2012,1.791
Oceania,Wheat,2013,2.0336
Oceania,Wheat,2014,1.9430999999999998
Oceania,Wheat,2015,2.0025
Oceania,Wheat,2016,2.6369000000000002
Oceania,Wheat,2017,1.9476
Oceania,Wheat,2018,1.7205
Oceania,Wheat,2019,1.5015999999999998
Oceania,Wheat,2020,2.5515
Oceania,Wheat,2021,2.8704
Oceania,Wheat,2022,3.208
Oceania,Wheat,2023,2.6945
Oceania,Wheat,2024,2.638
