item,year,production_mt
"Beef and Buffalo Meat, primary",1961,28.75317445
"Beef and Buffalo Meat, primary",1962,30.30524102
"Beef and Buffalo Meat, primary",1963,31.97364574
"Beef and Buffalo Meat, primary",1964,32.43462802
"Beef and Buffalo Meat, primary",1965,33.03810573
"Beef and Buffalo Meat, primary",1966,34.751601130000005
"Beef and Buffalo Meat, primary",1967,36.49463643
"Beef and Buffalo Meat, primary",1968,38.22514464
"Beef and Buffalo Meat, primary",1969,39.20859317
"Beef and Buffalo Meat, primary",1970,39.65885363
"Beef and Buffalo Meat, primary",1971,39.41032926
"Beef and Buffalo Meat, primary",1972,39.895933899999996
"Beef and Buffalo Meat, primary",1973,40.25768286
"Beef and Buffalo Meat, primary",1974,43.30914187
"Beef and Buffalo Meat, primary",1975,45.195862979999994
"Beef and Buffalo Meat, primary",1976,47.60355722
"Beef and Buffalo Meat, primary",1977,48.00779779
"Beef and Buffalo Meat, primary",1978,48.535451869999996
"Beef and Buffalo Meat, primary",1979,47.38202106
"Beef and Buffalo Meat, primary",1980,47.20071421
"Beef and Buffalo Meat, primary",1981,47.661205810000006
"Beef and Buffalo Meat, primary",1982,47.757195960000004
"Beef and Buffalo Meat, primary",1983,49.03441318
"Beef and Buffalo Meat, primary",1984,50.4393373
"Beef and Buffalo Meat, primary",1985,51.35100292
"Beef and Buffalo Meat, primary",1986,53.107879020000006
"Beef and Buffalo Meat, primary",1987,53.075239229999994
"Beef and Buffalo Meat, primary",1988,53.56858467
"Beef and Buffalo Meat, primary",1989,53.7955315
"Beef and Buffalo Meat, primary",1990,55.35116746
"Beef and Buffalo Meat, primary",1991,55.297239020000006
"Beef and Buffalo Meat, primary",1992,54.51615031
"Beef and Buffalo Meat, primary",1993,53.42406197
"Beef and Buffalo Meat, primary",1994,53.4881653
"Beef and Buffalo Meat, primary",1995,54.37978965
"Beef and Buffalo Meat, primary",1996,55.15512478
"Beef and Buffalo Meat, primary",1997,56.49326686
"Beef and Buffalo Meat, primary",1998,56.325827950000004
"Beef and Buffalo Meat, primary",1999,57.88213003
"Beef and Buffalo Meat, primary",2000,58.33255245
"Beef and Buffalo Meat, primary",2001,58.194255340000005
"Beef and Buffalo Meat, primary",2002,59.44847883
"Beef and Buffalo Meat, primary",2003,60.41264745
"Beef and Buffalo Meat, primary",2004,62.19131413
"Beef and Buffalo Meat, primary",2005,60.379299759999995
"Beef and Buffalo Meat, primary",2006,62.133556829999996
"Beef and Buffalo Meat, primary",2007,63.85299425
"Beef and Buffalo Meat, primary",2008,64.04319937
"Beef and Buffalo Meat, primary",2009,64.88527038000001
"Beef and Buffalo Meat, primary",2010,65.02726299
"Beef and Buffalo Meat, primary",2011,64.94668958
"Beef and Buffalo Meat, primary",2012,65.83375877
"Beef and Buffalo Meat, primary",2013,67.57751798999999
"Beef and Buffalo Meat, primary",2014,69.6076709
"Beef and Buffalo Meat, primary",2015,67.99462711
"Beef and Buffalo Meat, primary",2016,67.84912136
"Beef and Buffalo Meat, primary",2017,69.20639212
"Beef and Buffalo Meat, primary",2018,70.98085176000001
"Beef and Buffalo Meat, primary",2019,72.05663016
"Beef and Buffalo Meat, primary",2020,70.89559717
"Beef and Buffalo Meat, primary",2021,71.7650073
"Beef and Buffalo Meat, primary",2022,73.18221479
"Beef and Buffalo Meat, primary",2023,74.65903618
"Beef and Buffalo Meat, primary",2024,77.04734452
"Meat of pig with the bone, fresh or chilled",1961,24.747016690000002
"Meat of pig with the bone, fresh or chilled",1962,26.054375620000002
"Meat of pig with the bone, fresh or chilled",1963,28.01530558
"Meat of pig with the bone, fresh or chilled",1964,28.67666245
"Meat of pig with the bone, fresh or chilled",1965,31.28329876
"Meat of pig with the bone, fresh or chilled",1966,32.41082547
"Meat of pig with the bone, fresh or chilled",1967,33.86319561
"Meat of pig with the bone, fresh or chilled",1968,34.40094838
"Meat of pig with the bone, fresh or chilled",1969,34.120350159999994
"Meat of pig with the bone, fresh or chilled",1970,35.79492751
"Meat of pig with the bone, fresh or chilled",1971,39.41657076
"Meat of pig with the bone, fresh or chilled",1972,40.6226486
"Meat of pig with the bone, fresh or chilled",1973,40.46975821
"Meat of pig with the bone, fresh or chilled",1974,42.42975704
"Meat of pig with the bone, fresh or chilled",1975,41.669776950000006
"Meat of pig with the bone, fresh or chilled",1976,40.75039337
"Meat of pig with the bone, fresh or chilled",1977,42.947657590000006
"Meat of pig with the bone, fresh or chilled",1978,45.64135847
"Meat of pig with the bone, fresh or chilled",1979,50.08372944
"Meat of pig with the bone, fresh or chilled",1980,52.67409395
"Meat of pig with the bone, fresh or chilled",1981,52.989798189999995
"Meat of pig with the bone, fresh or chilled",1982,53.195697939999995
"Meat of pig with the bone, fresh or chilled",1983,55.47685703
"Meat of pig with the bone, fresh or chilled",1984,57.486350030000004
"Meat of pig with the bone, fresh or chilled",1985,59.965279869999996
"Meat of pig with the bone, fresh or chilled",1986,60.72057536
"Meat of pig with the bone, fresh or chilled",1987,63.42229014
"Meat of pig with the bone, fresh or chilled",1988,66.89505214
"Meat of pig with the bone, fresh or chilled",1989,67.97393821
"Meat of pig with the bone, fresh or chilled",1990,69.70112320999999
"Meat of pig with the bone, fresh or chilled",1991,70.72399146
"Meat of pig with the bone, fresh or chilled",1992,72.85352952
"Meat of pig with the bone, fresh or chilled",1993,75.25853479999999
"Meat of pig with the bone, fresh or chilled",1994,78.74722929
"Meat of pig with the bone, fresh or chilled",1995,83.39011771
"Meat of pig with the bone, fresh or chilled",1996,78.73717558
"Meat of pig with the bone, fresh or chilled",1997,82.64285352
"Meat of pig with the bone, fresh or chilled",1998,88.22667881999999
"Meat of pig with the bone, fresh or chilled",1999,90.19049202
"Meat of pig with the bone, fresh or chilled",2000,89.23108424
"Meat of pig with the bone, fresh or chilled",2001,90.09379186
"Meat of pig with the bone, fresh or chilled",2002,92.37135481
"Meat of pig with the bone, fresh or chilled",2003,94.82517787
"Meat of pig with the bone, fresh or chilled",2004,95.77390831
"Meat of pig with the bone, fresh or chilled",2005,98.08744884999999
"Meat of pig with the bone, fresh or chilled",2006,99.92860475
"Meat of pig with the bone, fresh or chilled",2007,98.57468643000001
"Meat of pig with the bone, fresh or chilled",2008,102.66854012
"Meat of pig with the bone, fresh or chilled",2009,105.21149840000001
"Meat of pig with the bone, fresh or chilled",2010,108.11303577
"Meat of pig with the bone, fresh or chilled",2011,108.73042559000001
"Meat of pig with the bone, fresh or chilled",2012,112.20568295999999
"Meat of pig with the bone, fresh or chilled",2013,114.12416451
"Meat of pig with the bone, fresh or chilled",2014,116.14348745000001
"Meat of pig with the bone, fresh or chilled",2015,118.75183006
"Meat of pig with the bone, fresh or chilled",2016,118.37598706
"Meat of pig with the bone, fresh or chilled",2017,119.33645191
"Meat of pig with the bone, fresh or chilled",2018,119.62181084000001
"Meat of pig with the bone, fresh or chilled",2019,108.70374359
"Meat of pig with the bone, fresh or chilled",2020,108.69179487999999
"Meat of pig with the bone, fresh or chilled",2021,121.24027934
"Meat of pig with the bone, fresh or chilled",2022,122.98567516
"Meat of pig with the bone, fresh or chilled",2023,124.57294389
"Meat of pig with the bone, fresh or chilled",2024,125.35719958
"Meat, Poultry",1961,8.94894278
"Meat, Poultry",1962,9.20505623
"Meat, Poultry",1963,9.748722990000001
"Meat, Poultry",1964,10.14074344
"Meat, Poultry",1965,10.961260390000001
"Meat, Poultry",1966,11.68197341
"Meat, Poultry",1967,12.3834007
"Meat, Poultry",1968,12.78224569
"Meat, Poultry",1969,13.731770529999999
"Meat, Poultry",1970,15.095037710000001
"Meat, Poultry",1971,15.73120933
"Meat, Poultry",1972,16.83211913
"Meat, Poultry",1973,17.62104185
"Meat, Poultry",1974,18.296532
"Meat, Poultry",1975,18.67361537
"Meat, Poultry",1976,20.02520565
"Meat, Poultry",1977,21.229542329999997
"Meat, Poultry",1978,22.70359505
"Meat, Poultry",1979,24.5566196
"Meat, Poultry",1980,25.94601148
"Meat, Poultry",1981,27.508944600000003
"Meat, Poultry",1982,28.46160802
"Meat, Poultry",1983,29.199210100000002
"Meat, Poultry",1984,29.7737763
"Meat, Poultry",1985,31.180211649999997
"Meat, Poultry",1986,33.32015575
"Meat, Poultry",1987,35.96350025
"Meat, Poultry",1988,37.72734655
"Meat, Poultry",1989,38.66503825
"Meat, Poultry",1990,40.97972859
"Meat, Poultry",1991,43.78312065
"Meat, Poultry",1992,45.99286017
"Meat, Poultry",1993,48.9365654
"Meat, Poultry",1994,51.731779450000005
"Meat, Poultry",1995,55.31612604
"Meat, Poultry",1996,57.20696095
"Meat, Poultry",1997,60.816506020000006
"Meat, Poultry",1998,63.360629159999995
"Meat, Poultry",1999,66.09083998
"Meat, Poultry",2000,68.66597644
"Meat, Poultry",2001,71.30028716
"Meat, Poultry",2002,74.56567751
"Meat, Poultry",2003,76.09961491
"Meat, Poultry",2004,78.62607559
"Meat, Poultry",2005,81.41927776
"Meat, Poultry",2006,83.48802609
"Meat, Poultry",2007,88.51821876999999
"Meat, Poultry",2008,92.72534859999999
"Meat, Poultry",2009,94.80967063
"Meat, Poultry",2010,99.18522501999999
"Meat, Poultry",2011,103.18508278
"Meat, Poultry",2012,107.18947948
"Meat, Poultry",2013,110.15838554999999
"Meat, Poultry",2014,113.31118645000001
"Meat, Poultry",2015,117.55933395999999
"Meat, Poultry",2016,120.7549934
"Meat, Poultry",2017,124.79967823
"Meat, Poultry",2018,128.05466973
"Meat, Poultry",2019,133.5529306
"Meat, Poultry",2020,135.09542519
"Meat, Poultry",2021,135.67105159
"Meat, Poultry",2022,139.01719640000002
"Meat, Poultry",2023,142.19922459
"Meat, Poultry",2024,146.15098609
Sheep and Goat Meat,1961,6.03074916
Sheep and Goat Meat,1962,6.16536149
Sheep and Goat Meat,1963,6.161920009999999
Sheep and Goat Meat,1964,6.15659801
Sheep and Goat Meat,1965,6.21071826
Sheep and Goat Meat,1966,6.31625834
Sheep and Goat Meat,1967,6.49210548
Sheep and Goat Meat,1968,6.67094992
Sheep and Goat Meat,1969,6.6483632
Sheep and Goat Meat,1970,6.82915544
Sheep and Goat Meat,1971,6.9598492
Sheep and Goat Meat,1972,7.01645004
Sheep and Goat Meat,1973,6.78346345
Sheep and Goat Meat,1974,6.56033404
Sheep and Goat Meat,1975,6.78991616
Sheep and Goat Meat,1976,6.81888262
Sheep and Goat Meat,1977,6.88508151
Sheep and Goat Meat,1978,7.04401253
Sheep and Goat Meat,1979,7.04316117
Sheep and Goat Meat,1980,7.34107117
Sheep and Goat Meat,1981,7.6219927
Sheep and Goat Meat,1982,7.71378588
Sheep and Goat Meat,1983,7.99954059
Sheep and Goat Meat,1984,8.08386623
Sheep and Goat Meat,1985,8.26147929
Sheep and Goat Meat,1986,8.34849539
Sheep and Goat Meat,1987,8.66476998
Sheep and Goat Meat,1988,9.0700363
Sheep and Goat Meat,1989,9.40072097
Sheep and Goat Meat,1990,9.712612640000001
Sheep and Goat Meat,1991,9.61449382
Sheep and Goat Meat,1992,9.72242451
Sheep and Goat Meat,1993,9.82953478
Sheep and Goat Meat,1994,10.04285732
Sheep and Goat Meat,1995,10.255558039999999
Sheep and Goat Meat,1996,9.958469390000001
Sheep and Goat Meat,1997,10.330222619999999
Sheep and Goat Meat,1998,10.80567878
Sheep and Goat Meat,1999,11.03466146
Sheep and Goat Meat,2000,11.31125108
Sheep and Goat Meat,2001,11.75535452
Sheep and Goat Meat,2002,11.77801094
Sheep and Goat Meat,2003,12.11358909
Sheep and Goat Meat,2004,12.45913977
Sheep and Goat Meat,2005,12.87886922
Sheep and Goat Meat,2006,13.07331507
Sheep and Goat Meat,2007,13.600816539999999
Sheep and Goat Meat,2008,13.65202791
Sheep and Goat Meat,2009,13.81536803
Sheep and Goat Meat,2010,14.03481852
Sheep and Goat Meat,2011,14.15486334
Sheep and Goat Meat,2012,14.32260741
Sheep and Goat Meat,2013,14.82633273
Sheep and Goat Meat,2014,15.34845601
Sheep and Goat Meat,2015,15.75154311
Sheep and Goat Meat,2016,16.13429142
Sheep and Goat Meat,2017,16.277817380000002
Sheep and Goat Meat,2018,16.46861363
Sheep and Goat Meat,2019,16.946242559999998
Sheep and Goat Meat,2020,17.40252579
Sheep and Goat Meat,2021,17.82596011
Sheep and Goat Meat,2022,18.46965913
Sheep and Goat Meat,2023,19.25905944
Sheep and Goat Meat,2024,19.2819955
