region,year,n_kg_per_ha,p2o5_kg_per_ha,k2o_kg_per_ha,n_use_mt
Africa,1961,2.12,1.6,0.58,0.352406
Africa,1962,2.27,1.74,0.64,0.379743
Africa,1963,2.62,1.83,0.73,0.443946
Africa,1964,2.98,1.92,0.92,0.509785
Africa,1965,3.24,2.09,0.92,0.558218
Africa,1966,3.14,2.43,1.06,0.544242
Africa,1967,3.45,2.67,1.1,0.599262
Africa,1968,3.84,2.78,1.18,0.674952
Africa,1969,4.13,2.83,1.16,0.73141
Africa,1970,4.69,3.09,1.28,0.834574
Africa,1971,5.3,3.45,1.53,0.952165
Africa,1972,5.83,3.8,1.68,1.055752
Africa,1973,5.79,3.88,1.7,1.054379
Africa,1974,5.88,4.22,1.89,1.07124
Africa,1975,6.65,4.39,1.72,1.226488
Africa,1976,6.95,4.59,1.79,1.292971
Africa,1977,7.04,4.69,1.95,1.316526
Africa,1978,7.31,4.81,1.93,1.379136
Africa,1979,7.86,5.03,1.84,1.486371
Africa,1980,9.26,5.76,2.07,1.756258
Africa,1981,9.83,6.45,2.29,1.869483
Africa,1982,9.68,6.01,2.11,1.852586
Africa,1983,8.92,5.84,2.08,1.713972
Africa,1984,9.32,6.12,2.2,1.804888
Africa,1985,9.62,6.06,2.25,1.899148
Africa,1986,10.29,5.8,2.31,2.041751
Africa,1987,9.79,5.68,2.28,1.944951
Africa,1988,10.48,5.63,2.35,2.099867
Africa,1989,10.04,5.26,2.28,2.025672
Africa,1990,10.27,5.12,2.35,2.09977
Africa,1991,9.93,4.85,2.26,2.060325
Africa,1992,9.64,4.66,2.16,2.03677
Africa,1993,10.59,4.99,2.24,2.284638
Africa,1994,9.16,4.35,2.04,1.993794
Africa,1995,9.45,4.14,1.87,2.116178
Africa,1996,10.2,4.28,2.06,2.313248
Africa,1997,9.9,4.14,2.08,2.25662
Africa,1998,10.2,4.11,2.18,2.338176
Africa,1999,10.37,4.32,2.07,2.411328
Africa,2000,10.55,3.97,2.01,2.464104
Africa,2001,10.6,4.11,2.1,2.488932
Africa,2002,11.66,4.41,2.0,2.759395
Africa,2003,10.89,4.01,2.12,2.645663
Africa,2004,12.3,3.9,2.13,3.025085
Africa,2005,11.71,3.6,1.9,2.916375
Africa,2006,12.07,4.32,2.4,3.029474
Africa,2007,10.85,4.03,2.26,2.76233
Africa,2008,11.0,3.73,2.21,2.840472
Africa,2009,10.98,4.16,1.79,2.879389
Africa,2010,12.07,4.7,1.99,3.258514
Africa,2011,11.59,4.7,1.95,3.153053
Africa,2012,11.3,5.37,2.02,3.141072
Africa,2013,11.86,5.47,2.11,3.339297
Africa,2014,12.03,5.41,2.3,3.427787
Africa,2015,11.85,5.7,2.34,3.43832
Africa,2016,12.98,5.22,2.37,3.806516
Africa,2017,14.83,5.78,3.11,4.425926
Africa,2018,14.03,5.03,3.36,4.245441
Africa,2019,14.23,5.71,3.54,4.287292
Africa,2020,17.35,5.88,3.7,5.270976
Africa,2021,15.14,6.15,3.47,4.644741
Africa,2022,14.13,5.95,2.96,4.376868
Africa,2023,15.68,5.79,2.92,4.873083
Africa,2024,15.23,6.03,3.23,5.065259
Americas,1961,10.77,9.41,7.19,3.4814
Americas,1962,12.5,10.3,7.81,4.013205
Americas,1963,14.19,11.18,8.52,4.619368
Americas,1964,15.3,11.82,8.99,4.977912
Americas,1965,17.12,12.86,9.88,5.573835
Americas,1966,19.47,14.34,11.16,6.348756
Americas,1967,22.08,15.48,12.01,7.204934
Americas,1968,22.67,15.68,12.56,7.598225
Americas,1969,23.42,15.34,12.6,8.063469
Americas,1970,25.57,16.12,13.37,8.790926
Americas,1971,26.15,16.75,13.74,9.017587
Americas,1972,27.39,18.07,14.6,9.492886
Americas,1973,29.52,18.85,15.96,10.276999
Americas,1974,29.54,18.47,15.45,10.316796
Americas,1975,32.32,19.02,16.03,11.348889
Americas,1976,35.06,21.04,18.1,12.449945
Americas,1977,34.8,21.23,18.97,12.498806
Americas,1978,35.03,21.43,19.79,12.794578
Americas,1979,36.97,21.95,20.64,13.634715
Americas,1980,38.8,22.37,21.29,14.46367
Americas,1981,37.6,19.8,18.7,14.08205
Americas,1982,33.95,17.95,17.1,12.737961
Americas,1983,35.58,17.7,17.28,13.419916
Americas,1984,39.25,19.94,19.03,14.863006
Americas,1985,37.84,18.4,18.03,14.404697
Americas,1986,37.64,18.68,18.09,14.313027
Americas,1987,38.62,19.03,18.51,14.604522
Americas,1988,38.51,18.74,18.54,14.542409
Americas,1989,39.45,18.19,18.49,14.880082
Americas,1990,39.91,17.77,18.37,15.042148
Americas,1991,40.06,17.91,18.02,15.090611
Americas,1992,40.66,18.34,18.39,15.212381
Americas,1993,43.64,19.79,19.75,16.234301
Americas,1994,43.89,20.77,20.17,16.253995
Americas,1995,44.56,18.81,20.22,16.448766
Americas,1996,47.1,21.42,21.77,17.287523
Americas,1997,47.78,22.32,23.08,17.567002
Americas,1998,48.24,21.74,22.01,17.776557
Americas,1999,48.44,21.28,21.66,17.857944
Americas,2000,47.14,22.04,22.3,17.433263
Americas,2001,47.47,23.16,22.73,17.602414
Americas,2002,48.19,23.22,23.39,17.771708
Americas,2003,52.11,26.33,26.34,19.230963
Americas,2004,51.05,28.59,28.25,18.857985
Americas,2005,49.81,25.44,23.81,18.425822
Americas,2006,52.14,26.24,25.39,19.290187
Americas,2007,55.54,28.96,26.91,20.533626
Americas,2008,51.02,23.13,23.02,18.732159
Americas,2009,51.62,22.81,20.61,18.833652
Americas,2010,56.58,26.79,26.21,20.752888
Americas,2011,63.01,30.45,29.13,23.083795
Americas,2012,62.57,30.61,28.93,22.912047
Americas,2013,63.02,33.19,31.7,23.162037
Americas,2014,63.41,32.81,32.22,23.41623
Americas,2015,59.08,30.54,30.14,21.973264
Americas,2016,60.34,30.06,32.14,22.489522
Americas,2017,63.15,31.86,34.46,23.556787
Americas,2018,64.82,34.05,35.7,24.167372
Americas,2019,64.76,32.94,35.03,24.159815
Americas,2020,69.57,39.4,37.91,26.282466
Americas,2021,70.59,37.23,40.09,26.786604
Americas,2022,67.33,32.45,37.38,25.344804
Americas,2023,68.45,29.97,39.4,25.735722
Americas,2024,70.73,34.89,41.48,26.661521
Asia,1961,4.78,2.33,1.48,2.120757
Asia,1962,5.65,2.5,1.57,2.517707
Asia,1963,6.28,3.06,1.79,2.812564
Asia,1964,7.2,3.43,1.8,3.238698
Asia,1965,8.73,4.12,1.97,3.942317
Asia,1966,11.49,5.27,2.16,5.19808
Asia,1967,11.21,5.04,2.55,5.086417
Asia,1968,12.5,5.09,2.72,5.67861
Asia,1969,14.36,6.06,2.82,6.522841
Asia,1970,16.6,6.54,2.84,7.552764
Asia,1971,17.69,7.34,2.86,8.035397
Asia,1972,19.76,8.12,3.22,9.047246
Asia,1973,21.53,9.64,3.85,9.929867
Asia,1974,19.42,8.62,3.95,8.977531
Asia,1975,25.0,9.17,3.41,11.529923
Asia,1976,24.71,9.65,3.62,11.424601
Asia,1977,31.86,11.6,4.12,14.769327
Asia,1978,38.54,11.59,4.94,17.95537
Asia,1979,41.76,13.08,5.49,19.586763
Asia,1980,45.98,14.88,5.2,21.540789
Asia,1981,46.13,15.27,5.92,21.690399
Asia,1982,47.99,16.78,5.53,22.932522
Asia,1983,53.1,18.76,6.33,25.578956
Asia,1984,56.82,19.51,6.78,28.005541
Asia,1985,54.49,17.57,6.09,27.393214
Asia,1986,56.43,18.29,6.67,28.532483
Asia,1987,61.24,20.35,8.3,31.328973
Asia,1988,67.98,23.45,9.41,34.878013
Asia,1989,69.32,24.72,8.87,35.754345
Asia,1990,71.68,26.56,10.4,37.108713
Asia,1991,73.22,29.33,11.21,37.990897
Asia,1992,72.46,27.15,9.13,40.824175
Asia,1993,68.6,24.04,8.47,38.739657
Asia,1994,71.24,26.25,10.69,40.187669
Asia,1995,80.71,29.25,11.69,45.528403
Asia,1996,85.86,27.99,11.06,48.309136
Asia,1997,82.56,31.69,13.19,46.433802
Asia,1998,84.56,32.44,13.45,47.612975
Asia,1999,87.7,32.91,14.24,49.455004
Asia,2000,83.24,31.53,14.01,46.723317
Asia,2001,83.57,31.57,15.37,47.10167
Asia,2002,87.52,33.67,16.06,49.427418
Asia,2003,89.26,33.58,16.25,50.513679
Asia,2004,93.1,36.26,20.01,52.792529
Asia,2005,95.66,38.82,22.92,54.404538
Asia,2006,98.9,40.62,21.3,56.442384
Asia,2007,101.12,37.5,27.13,57.816184
Asia,2008,102.48,36.87,23.78,58.447767
Asia,2009,107.39,43.9,19.86,61.421512
Asia,2010,109.26,48.43,26.03,62.435838
Asia,2011,111.04,47.28,28.46,63.58464
Asia,2012,111.08,45.84,27.91,63.614791
Asia,2013,112.44,44.83,28.05,64.451853
Asia,2014,113.16,45.34,33.21,64.89958
Asia,2015,112.82,45.33,30.97,64.853674
Asia,2016,112.28,45.24,33.89,64.574725
Asia,2017,112.49,45.74,33.09,64.616255
Asia,2018,110.68,43.23,32.53,63.655943
Asia,2019,110.18,42.06,30.26,63.316491
Asia,2020,114.18,44.62,31.72,65.681325
Asia,2021,111.31,41.71,32.64,63.962569
Asia,2022,110.16,40.68,29.7,63.30126
Asia,2023,113.05,42.19,30.91,65.182671
Asia,2024,111.53,40.14,28.87,66.142328
Europe,1961,14.06,14.74,13.89,5.490135
Europe,1962,15.38,15.4,14.69,6.00775
Europe,1963,17.19,17.04,15.68,6.677731
Europe,1964,19.64,19.48,17.71,7.584506
Europe,1965,22.69,20.7,19.57,8.733828
Europe,1966,25.66,22.31,19.99,9.780411
Europe,1967,28.78,23.93,22.24,10.949609
Europe,1968,31.88,25.45,22.88,12.089045
Europe,1969,33.9,26.67,24.15,12.858565
Europe,1970,37.7,28.82,26.58,14.252237
Europe,1971,41.11,30.58,28.77,15.433273
Europe,1972,43.42,31.69,30.26,16.269201
Europe,1973,46.75,33.34,32.93,17.478139
Europe,1974,48.08,32.36,31.84,18.009732
Europe,1975,52.4,34.12,35.83,19.583062
Europe,1976,52.95,35.76,37.3,19.778805
Europe,1977,54.81,36.84,36.75,20.474356
Europe,1978,58.0,38.96,37.66,21.643602
Europe,1979,59.19,39.76,35.72,22.026779
Europe,1980,60.73,38.06,35.53,22.584907
Europe,1981,61.31,38.34,36.32,22.802013
Europe,1982,64.27,38.57,36.12,23.901189
Europe,1983,68.52,40.26,39.89,25.463319
Europe,1984,69.0,40.56,39.79,25.640744
Europe,1985,71.54,42.01,41.05,26.590398
Europe,1986,73.39,43.98,41.2,27.278402
Europe,1987,73.73,44.02,41.4,27.419444
Europe,1988,74.36,44.09,41.77,27.565955
Europe,1989,69.47,42.83,38.75,25.569585
Europe,1990,61.32,37.67,32.02,22.48839
Europe,1991,54.51,31.13,28.46,19.932595
Europe,1992,49.17,21.57,24.19,15.640258
Europe,1993,46.62,18.28,19.55,14.666455
Europe,1994,44.46,15.44,18.5,13.911646
Europe,1995,44.2,15.77,18.57,13.711173
Europe,1996,46.18,16.52,18.7,14.269509
Europe,1997,45.33,15.59,18.88,14.066684
Europe,1998,45.23,15.32,18.06,13.911546
Europe,1999,45.74,14.44,17.19,13.974178
Europe,2000,43.5,13.47,15.85,13.213758
Europe,2001,44.98,13.29,15.36,13.494773
Europe,2002,44.28,13.47,15.71,13.182916
Europe,2003,45.68,14.27,15.87,13.506994
Europe,2004,45.34,13.81,16.12,13.372518
Europe,2005,44.3,13.73,15.19,13.028024
Europe,2006,44.67,13.58,15.76,13.064842
Europe,2007,48.24,15.07,16.95,14.031167
Europe,2008,46.08,11.26,12.86,13.436304
Europe,2009,44.14,9.71,10.85,12.857643
Europe,2010,46.66,11.76,14.19,13.541164
Europe,2011,47.3,11.95,13.94,13.70494
Europe,2012,48.03,12.39,13.91,13.941216
Europe,2013,49.39,12.83,14.49,14.307912
Europe,2014,49.75,12.21,14.35,14.40617
Europe,2015,50.59,12.29,14.05,14.630189
Europe,2016,51.73,12.4,14.14,14.930959
Europe,2017,53.3,13.24,14.89,15.392701
Europe,2018,51.36,13.42,15.42,14.807745
Europe,2019,51.65,13.59,14.98,14.918532
Europe,2020,53.8,14.55,16.15,15.434
Europe,2021,53.07,13.58,15.88,15.235408
Europe,2022,48.07,10.9,13.23,13.765938
Europe,2023,47.64,11.16,13.25,13.637543
Europe,2024,49.53,11.31,13.89,14.159906
Oceania,1961,2.57,49.85,8.19,0.040867
Oceania,1962,2.97,46.95,5.35,0.050746
Oceania,1963,4.63,52.77,7.58,0.078473
Oceania,1964,4.28,67.77,8.53,0.076465
Oceania,1965,4.31,68.49,9.04,0.08166
Oceania,1966,4.75,62.96,8.04,0.096832
Oceania,1967,6.69,56.07,6.98,0.139646
Oceania,1968,6.68,54.3,7.04,0.153682
Oceania,1969,6.63,55.67,8.23,0.141087
Oceania,1970,6.81,53.59,10.49,0.137205
Oceania,1971,7.69,65.27,10.88,0.142331
Oceania,1972,11.1,74.56,13.57,0.207822
Oceania,1973,12.89,102.08,17.93,0.214104
Oceania,1974,12.63,52.61,16.45,0.208138
Oceania,1975,12.29,58.78,12.8,0.188237
Oceania,1976,14.87,68.59,14.79,0.241677
Oceania,1977,12.81,71.71,14.58,0.213346
Oceania,1978,13.83,70.57,13.99,0.255459
Oceania,1979,14.8,69.83,12.66,0.283348
Oceania,1980,14.4,61.25,12.12,0.282907
Oceania,1981,14.55,57.76,12.79,0.29269
Oceania,1982,14.16,50.97,11.64,0.302556
Oceania,1983,16.52,52.11,12.72,0.350211
Oceania,1984,16.8,46.68,12.24,0.398596
Oceania,1985,16.78,43.31,10.01,0.3858
Oceania,1986,16.64,43.49,9.76,0.3781
Oceania,1987,19.38,53.18,10.54,0.4186
Oceania,1988,21.31,51.63,13.29,0.4302
Oceania,1989,24.72,53.92,14.26,0.4828
Oceania,1990,26.53,42.36,12.68,0.5039
Oceania,1991,28.27,49.89,13.08,0.544
Oceania,1992,32.62,60.98,15.2,0.5957
Oceania,1993,35.92,60.91,16.54,0.688831
Oceania,1994,36.47,66.47,18.22,0.7265
Oceania,1995,44.66,72.29,19.95,0.8455
Oceania,1996,46.14,65.08,16.35,0.9833
Oceania,1997,43.3,64.55,17.01,0.9973
Oceania,1998,48.67,60.77,15.86,1.1453
Oceania,1999,50.44,58.43,14.22,1.271894
Oceania,2000,46.26,61.41,13.57,1.18974
Oceania,2001,49.61,63.6,15.12,1.313481
Oceania,2002,48.68,54.79,13.58,1.266797
Oceania,2003,49.62,54.45,15.02,1.267892
Oceania,2004,50.87,53.54,15.03,1.428006
Oceania,2005,46.22,51.78,13.14,1.329269
Oceania,2006,44.59,51.87,13.76,1.184726
Oceania,2007,45.95,53.44,14.92,1.177775
Oceania,2008,44.67,43.65,12.93,1.184644
Oceania,2009,39.38,29.5,9.17,1.169388
Oceania,2010,47.64,38.66,9.89,1.342168
Oceania,2011,43.24,34.26,8.8,1.482513
Oceania,2012,44.08,34.32,9.38,1.508985
Oceania,2013,47.6,32.9,9.84,1.613475
Oceania,2014,52.82,34.99,11.22,1.830315
Oceania,2015,52.29,36.33,11.49,1.759479
Oceania,2016,59.14,37.38,12.28,1.933322
Oceania,2017,58.97,38.63,12.93,1.970099
Oceania,2018,56.53,37.74,13.68,1.903089
Oceania,2019,54.77,38.04,13.75,1.823873
Oceania,2020,69.63,39.48,14.58,2.322369
Oceania,2021,74.71,45.75,17.58,2.547248
Oceania,2022,69.51,44.65,10.84,2.36367
Oceania,2023,75.26,28.5,11.38,2.558532
Oceania,2024,93.41,51.77,16.32,3.1764
World,1961,8.57,8.13,6.44,11.485565
World,1962,9.66,8.59,6.81,12.969151
World,1963,10.85,9.52,7.35,14.632082
World,1964,12.14,10.7,8.06,16.387366
World,1965,13.95,11.58,8.84,18.889858
World,1966,16.23,12.75,9.29,21.968321
World,1967,17.69,13.34,10.23,23.979868
World,1968,19.15,13.86,10.59,26.194514
World,1969,20.57,14.41,11.01,28.317372
World,1970,22.95,15.3,11.9,31.567706
World,1971,24.46,16.33,12.61,33.580753
World,1972,26.15,17.35,13.36,36.072907
World,1973,28.19,18.72,14.65,38.953488
World,1974,27.86,17.47,14.27,38.583437
World,1975,31.65,18.3,15.22,43.876599
World,1976,32.43,19.57,16.23,45.187999
World,1977,35.2,20.6,16.47,49.272361
World,1978,38.28,21.24,17.15,54.028145
World,1979,40.2,22.08,16.97,57.017976
World,1980,42.62,22.33,17.02,60.628531
World,1981,42.56,21.9,16.81,60.736635
World,1982,42.93,21.8,16.1,61.726814
World,1983,46.07,22.79,17.35,66.526374
World,1984,48.4,23.64,17.83,70.712775
World,1985,47.9,22.8,17.52,70.673257
World,1986,49.05,23.56,17.75,72.543763
World,1987,51.09,24.46,18.43,75.71649
World,1988,53.66,25.39,18.93,79.516444
World,1989,53.1,25.29,17.91,78.712484
World,1990,52.01,24.32,16.68,77.242921
World,1991,50.82,23.74,15.95,75.618428
World,1992,50.04,20.95,13.77,74.309284
World,1993,48.86,19.47,12.84,72.613882
World,1994,49.21,19.94,13.54,73.073604
World,1995,52.91,20.61,13.87,78.65002
World,1996,55.93,20.9,14.0,83.162716
World,1997,54.53,22.33,15.17,81.321408
World,1998,55.49,22.36,14.82,82.784554
World,1999,56.81,22.26,14.78,84.970348
World,2000,54.22,21.72,14.55,81.024182
World,2001,54.83,22.08,15.11,82.00127
World,2002,56.5,22.8,15.53,84.408234
World,2003,58.14,23.55,16.35,87.165191
World,2004,59.43,25.01,18.25,89.476123
World,2005,59.63,25.09,17.97,90.104028
World,2006,61.57,26.03,17.96,93.011613
World,2007,63.69,25.74,20.73,96.321082
World,2008,62.52,23.07,17.62,94.641346
World,2009,63.93,25.15,14.99,97.161584
World,2010,66.38,28.35,19.27,101.330572
World,2011,68.4,28.76,20.74,105.008941
World,2012,68.2,28.37,20.44,105.118111
World,2013,69.14,28.64,21.25,106.874574
World,2014,69.58,28.61,23.29,107.980082
World,2015,68.38,28.11,21.89,106.654926
World,2016,68.95,27.87,23.46,107.735044
World,2017,70.12,28.69,23.93,109.961768
World,2018,69.18,28.12,24.13,108.77959
World,2019,69.06,27.61,23.11,108.506003
World,2020,72.91,30.33,24.61,114.991136
World,2021,71.53,28.72,25.4,113.17657
World,2022,69.03,26.61,22.9,109.15254
World,2023,70.71,26.24,23.83,111.987551
World,2024,71.29,27.23,23.85,115.205415
