area,region,year,irrigation_share_pct,cereal_yield_t_ha,area_harvested_ha
Armenia,Asia,2024,41.597139451728246,1.9610999999999998,109701.0
Afghanistan,Asia,2024,39.693145261073994,2.3586,2635327.0
Albania,Europe,2024,52.8880226789511,5.1528,126129.0
Algeria,Africa,2024,16.03392378893953,1.5366,2680109.0
Angola,Africa,2024,1.7368719247335191,1.1065999999999998,3164046.0
Argentina,Americas,2024,4.291324974172865,4.8542,17660490.0
Australia,Oceania,2024,6.938167456556081,2.6896999999999998,19463223.0
Austria,Europe,2024,11.200294775768269,6.7218,726060.0
Bangladesh,Asia,2024,99.02261620638708,5.408,12268360.0
Bolivia (Plurinational State of),Americas,2024,8.662324357085437,2.209,1691778.0
Botswana,Africa,2024,1.4312977099236641,0.9004,60588.0
Brazil,Americas,2024,14.409249033813014,5.0026,27781508.0
Bulgaria,Europe,2024,20.587296775971343,5.1032,1968320.0
Myanmar,Asia,2024,19.484099781886915,3.7791,7972532.0
Burundi,Africa,2024,1.471257925526325,1.1634,678679.0
Cameroon,Africa,2024,0.36023506907225034,1.7704000000000002,2172460.0
Canada,Americas,2024,3.185479652683335,4.0213,15830900.0
Central African Republic,Africa,2024,0.003533893573261148,0.7884,358805.0
Sri Lanka,Asia,2024,24.71828143917052,4.0675,1212239.0
Chad,Africa,2024,0.5671215629847793,0.8269,3276392.0
Chile,Americas,2024,58.07323589501807,6.6061000000000005,386898.0
"China, mainland",Asia,2024,57.96062453346604,6.4947,100290311.0
Colombia,Americas,2024,20.066457448772383,4.4222,981981.0
Cuba,Americas,2024,17.944182389937108,1.9456,158289.0
Azerbaijan,Asia,2024,62.96984542613397,3.427,964494.0
Benin,Africa,2024,0.5639006255519065,1.356,2142777.0
Denmark,Europe,2024,20.696893366918555,6.0963,1229650.0
Dominican Republic,Americas,2024,23.27131326977411,4.4554,235617.0
Belarus,Europe,2024,0.46084595598742495,3.3948,2277596.0
Ecuador,Americas,2024,50.460524814952066,4.0066999999999995,696223.0
Egypt,Africa,2024,94.90919839205486,7.360399999999999,3260919.0
El Salvador,Americas,2024,1.1430144781222038,2.8192,317461.0
Estonia,Europe,2024,0.22143864598025387,3.7329,349200.0
Finland,Europe,2024,2.1706980266381577,3.6201,905200.0
France,Europe,2024,15.537413444120688,6.2808,8526600.0
Georgia,Asia,2024,35.53357522739698,2.816,148643.0
Gambia,Africa,2024,0.8137888380722971,1.005,124224.0
Germany,Europe,2024,6.679601822169731,6.7905,5739700.0
Bosnia and Herzegovina,Europe,2024,0.6165988407941793,5.3617,224321.0
Ghana,Africa,2024,3.0064037748567576,2.6321999999999997,2357040.0
Greece,Europe,2024,69.28670360110803,4.0529,709120.0
Guatemala,Americas,2024,11.049615388387442,2.2375,1041865.0
Guinea,Africa,2024,1.3015916112338382,1.351,3985943.0
Guyana,Americas,2024,113.4920634920635,6.562600000000001,170633.0
Haiti,Americas,2024,7.431640400542433,1.0644,303470.0
Honduras,Americas,2024,5.217912793139441,1.8868,408130.0
Hungary,Europe,2024,5.070895119785965,5.6297,2254010.0
Croatia,Europe,2024,4.683136412459721,6.5705,500040.0
India,Asia,2024,44.93780185629191,3.6325,107673781.0
Indonesia,Asia,2024,15.363233510407436,5.421399999999999,12594789.0
Iran (Islamic Republic of),Asia,2024,54.57646389994315,2.7248,8995601.0
Iraq,Asia,2024,65.12305023435061,2.651,2433650.0
Israel,Asia,2024,86.85779165483963,2.6194,66837.0
Italy,Europe,2024,38.233922282652884,4.9818,2837490.0
Côte d'Ivoire,Africa,2024,0.5401528465498154,2.5416,1639929.0
Kazakhstan,Asia,2024,7.720027629709758,1.5295,16061052.0
Japan,Asia,2024,66.54962546816479,6.2477,1824306.0
Jordan,Asia,2024,31.927874006269455,1.6114000000000002,52137.0
Kyrgyzstan,Asia,2024,74.94808520630168,3.4894000000000003,611459.0
Kenya,Africa,2024,3.770115652933042,1.6930999999999998,2940254.0
Cambodia,Asia,2024,5.832777830682791,3.778,4123864.0
Democratic People's Republic of Korea,Asia,2024,57.3099644756727,3.6098000000000003,1353402.0
Republic of Korea,Asia,2024,47.00332225913621,6.5443999999999996,761624.0
Latvia,Europe,2024,0.09077598828696926,3.9738,793300.0
Lao People's Democratic Republic,Asia,2024,31.29765308740075,4.1964,1016601.0
Lesotho,Africa,2024,0.4528301886792453,0.6035,111896.0
Liberia,Africa,2024,0.420847671379693,1.1117000000000001,290000.0
Libya,Africa,2024,19.51219512195122,0.6597000000000001,249794.0
Lithuania,Europe,2024,0.30055817947617003,4.3873999999999995,1300960.0
Madagascar,Africa,2024,22.851537814802807,2.3933,2188339.0
Malawi,Africa,2024,3.673120529448717,1.8775,1746689.0
Malaysia,Asia,2024,5.6200419341590475,3.5436,593828.0
Mali,Africa,2024,5.272781675017204,1.6562999999999999,6303378.0
Mauritania,Africa,2024,9.784782608695652,1.5374,370911.0
Mexico,Americas,2024,29.942832371139556,3.7517,8700684.0
Mongolia,Asia,2024,7.792258425811391,1.2506,354364.0
Morocco,Africa,2024,21.85388913170988,1.2401,2584760.0
Mozambique,Africa,2024,2.0058720163668315,0.7764,3420998.0
Republic of Moldova,Europe,2024,10.45673076923077,2.4061999999999997,885160.0
Namibia,Africa,2024,0.9322660098522167,0.1844,332033.0
Nepal,Asia,2024,70.24322660098522,3.521,3273282.0
Netherlands (Kingdom of the),Europe,2024,50.28901734104046,6.8057,153500.0
North Macedonia,Europe,2024,28.590604026845636,3.5654,149249.0
New Zealand,Oceania,2024,134.06040268456377,9.101899999999999,121170.0
Nicaragua,Americas,2022,5.090605892162312,2.3589,402346.0
Niger,Africa,2024,1.5094593496048911,0.5774,10331974.0
Nigeria,Africa,2024,0.7354053022455841,1.558,18275835.0
Norway,Europe,2024,9.579207920792081,4.219600000000001,279979.0
Pakistan,Asia,2024,63.684730319538694,3.6206,15448713.0
Panama,Americas,2024,6.969264783858407,4.2264,109277.0
Czechia,Europe,2024,1.6758683531358616,5.751399999999999,1307640.0
Paraguay,Americas,2024,2.2297308502167983,3.6173,1605131.0
Peru,Americas,2024,41.62893372018345,4.850899999999999,1221107.0
Philippines,Asia,2024,19.163220843893114,3.8333000000000004,7102488.0
Poland,Europe,2024,2.7751279160523805,4.8511999999999995,7079790.0
Portugal,Europe,2024,36.726315764604216,5.3088,191630.0
Guinea-Bissau,Africa,2024,3.279498771641639,1.3334000000000001,242659.0
Timor-Leste,Asia,2024,18.103448275862068,2.1121999999999996,62493.0
Eritrea,Africa,2024,3.122830363341819,0.638,478367.0
Zimbabwe,Africa,2024,5.364707154991629,1.0697999999999999,1255304.0
Romania,Europe,2024,36.15708357897085,3.5256999999999996,5066880.0
Rwanda,Africa,2024,0.5078897081050294,1.784,546634.0
Russian Federation,Europe,2024,3.4772764030405954,3.042,39579836.0
Saudi Arabia,Asia,2024,71.45173240357376,5.1052,230134.0
Senegal,Africa,2024,3.069601488539473,2.0035,1953782.0
Sierra Leone,Africa,2024,1.642545049707128,1.3702999999999999,1095776.0
Slovenia,Europe,2024,2.780428559035308,6.586,102180.0
Slovakia,Europe,2024,4.163512490537472,5.5602,663130.0
Somalia,Africa,2024,17.696765916028845,0.36210000000000003,353654.0
South Africa,Africa,2024,18.043663900749216,4.562,3356840.0
Spain,Europe,2024,22.810995436186897,3.7859000000000003,5510760.0
Suriname,Americas,2024,98.27586206896552,4.4474,50824.0
Tajikistan,Asia,2024,71.2805864990955,4.1239,376457.0
Eswatini,Africa,2024,25.255851656702806,1.0831,71758.0
Sweden,Europe,2024,6.406188020626735,5.2423,982330.0
Switzerland,Europe,2024,12.271224262287035,4.5835,137029.0
Syrian Arab Republic,Asia,2024,24.041417305782968,1.6068,2695375.0
Turkmenistan,Asia,2024,118.76343157857139,1.7117,868613.0
"China, Taiwan Province of",Asia,2024,47.928948384605484,6.425800000000001,291168.0
United Republic of Tanzania,Africa,2024,2.2861635220125787,1.8720999999999999,8262403.0
Thailand,Asia,2024,29.167111864853744,3.0848,12525660.0
Togo,Africa,2024,0.2850862875671911,1.1977,1280036.0
Tunisia,Africa,2024,9.056711779858528,1.8911,795426.0
Türkiye,Asia,2024,29.987928235441036,3.4286999999999996,11379632.0
Uganda,Africa,2024,0.09687798939038177,1.9198,2953368.0
United Kingdom of Great Britain and Northern Ireland,Europe,2024,6.825972588519283,6.5582,2964415.0
Ukraine,Europe,2024,6.42449003759955,5.1476999999999995,10811000.0
United States of America,Americas,2024,15.958070527689689,8.4135,54078269.0
Burkina Faso,Africa,2024,0.6319201780135559,1.1979000000000002,4348855.0
Uruguay,Americas,2024,13.882573733340822,5.0577,813974.0
Uzbekistan,Asia,2024,97.40770358523258,5.4962,1509320.0
Venezuela (Bolivarian Republic of),Americas,2024,31.97878787878788,4.3145,808105.0
Viet Nam,Asia,2024,39.36033848637776,6.0378,7925586.0
Ethiopia,Africa,2024,4.6495273049201575,2.6315999999999997,12069713.0
Yemen,Asia,2024,46.862258953168045,0.7687,547681.0
Democratic Republic of the Congo,Africa,2024,0.05942903821665342,0.8717999999999999,5033816.0
Zambia,Africa,2024,4.059117456366245,2.3183000000000002,759622.0
Belgium,Europe,2024,2.719292744778078,6.8555,281940.0
Serbia,Europe,2024,13.590490631426801,5.1716999999999995,1687001.0
Sudan,Africa,2024,8.731318655414643,0.5802999999999999,11591941.0
South Sudan,Africa,2024,0.7667814148327812,0.945,1269847.0
