region,year,agrifood_gt,farm_gate_gt,luc_gt,pre_post_gt,agrifood_share_pct
Africa,1990,1.9078841803,0.6912085246,1.0586216896,0.1580539661,61.54081038021408
Africa,1991,1.9177010233,0.6945385315,1.0586216896,0.1645408022,61.01226668214178
Africa,1992,1.9297931388999998,0.7037874588,1.0586216896,0.16738399050000002,61.534260693598625
Africa,1993,1.9349928116,0.7048051404000001,1.0586216896,0.1715659816,60.66529870735946
Africa,1994,1.9518101684,0.7165247327,1.0586216896,0.1766637461,59.71593302759814
Africa,1995,1.9704257902,0.7287323548,1.0586216896,0.1830717458,58.33661535091951
Africa,1996,1.9648864746999999,0.7446518207,1.0318204205000001,0.1884142335,56.996242433312275
Africa,1997,1.988592394,0.7533217112,1.0396970698,0.195573613,57.43688472038129
Africa,1998,2.0528757784,0.7933843637,1.0596424309,0.1998489838,57.83433543631656
Africa,1999,2.0507968025,0.7974128307,1.048161716,0.2052222558,58.25131745452304
Africa,2000,2.0438118808,0.8055901818,1.028020103,0.210201596,57.48604280205217
Africa,2001,2.037799341,0.7936807746,1.0263944848,0.2177240816,58.9714235496344
Africa,2002,2.0853027772,0.8316979939,1.0308805172,0.2227242661,60.61766448855604
Africa,2003,2.1481922928,0.8590797682000001,1.059825078,0.2292874466,59.11528960447511
Africa,2004,2.1667139657,0.872335487,1.0556216469000002,0.2387568318,58.327200917708204
Africa,2005,2.2329721264,0.9160899196,1.0690435764,0.24783863039999998,58.58214251114925
Africa,2006,2.221812518,0.908465052,1.055426337,0.25792112899999997,58.41793825121704
Africa,2007,2.2715871261,0.9494134828999999,1.0555880021,0.2665856411,58.72440617995108
Africa,2008,2.3051145339000003,0.9722347589,1.0610257975000001,0.27185397749999995,58.357085385049196
Africa,2009,2.2953166576,0.9653328127999999,1.0500531241,0.2799307207,58.742361683300324
Africa,2010,2.364568995,1.0031263645,1.0695514956,0.2918911349,58.61998502513734
Africa,2011,2.6792736645,1.027089071,1.3549255104,0.2972590831,61.38154879666755
Africa,2012,2.7062617384000003,1.0402380644,1.3523718524,0.31365182160000005,61.31844076318562
Africa,2013,2.7144368215,1.0441794453,1.3421846961000001,0.3280726801,61.3266369099519
Africa,2014,2.7279417389000002,1.0511603469,1.3349320381,0.3418493539,60.49408341199175
Africa,2015,2.7617477004,1.0739791394,1.3430847189,0.344683842,61.017623247859994
Africa,2016,2.3903045254000004,1.1093644947999999,0.9263534131,0.3545866175,55.4637985839445
Africa,2017,2.403576304,1.111905503,0.9285067217,0.3631640793,55.2372640600734
Africa,2018,2.4087818618,1.1211078403,0.9102489238,0.3774250977,55.23400524407822
Africa,2019,2.4386283616999997,1.1352397228000002,0.9188069305000001,0.3845817084,54.17189762838007
Africa,2020,2.4769879504,1.1802604845,0.9120602125,0.38466725329999996,56.32182705162357
Africa,2021,2.3613664778,1.1886016021,0.7751244884999999,0.3976403872,56.88554916770111
Africa,2022,2.3627945455,1.1941060963,0.765392678,0.40329577120000004,56.780627383626076
Africa,2023,2.3803059185,1.2223611975,0.7522068093,0.4057379117,56.54059510809618
Americas,1990,5.0922756388999995,1.4366469147999998,2.9409772666,0.7146514575,48.779677887861155
Americas,1991,5.1175218635,1.4422300471999998,2.9409772666,0.7343145497,48.99219894746528
Americas,1992,5.1374013992,1.4697670755,2.9409772666,0.7266570571,48.46709817678475
Americas,1993,5.1436014615,1.4773160007,2.9409772666,0.7253081942,47.708429962118934
Americas,1994,5.1823704362,1.505426243,2.9409772666,0.7359669266,47.32446705616094
Americas,1995,5.266032025,1.5166702609,2.9409772666,0.8083844975000001,47.687149682773445
Americas,1996,5.280580222699999,1.5078245629,2.940236585,0.8325190748,47.00546380076184
Americas,1997,5.3372954933,1.5194791249,2.944861616,0.8729547524,46.52686767806556
Americas,1998,5.363493976,1.523424058,2.966489818,0.8735801,46.02646242572606
Americas,1999,5.3617184016,1.5215858965,2.9591368761,0.880995629,45.760033419265994
Americas,2000,5.3637109318,1.5243951842,2.9301993676,0.9091163800000001,45.060265145681115
Americas,2001,4.5141944118,1.5532462552,2.0290361037,0.9319120529,40.64368964563253
Americas,2002,4.5600729845000005,1.6138598471999999,2.0426417545,0.9035713828,40.63088514447657
Americas,2003,4.6160929112,1.6552747933,2.0438223729000002,0.916995745,40.57425896430607
Americas,2004,4.6756902446,1.6964332828,2.0521934637,0.9270634981,40.4362712402467
Americas,2005,4.7247035582,1.7244558685,2.0515025444,0.9487451453,40.42210032339178
Americas,2006,4.7160158700000006,1.7155976519,2.0370073035,0.9634109146000001,40.4290732701867
Americas,2007,4.7863142621,1.7322838966,2.0577745462,0.9962558193,40.321231799728835
Americas,2008,4.7675440735,1.7205993957,2.0312752009999997,1.0156694767999999,40.72558389452001
Americas,2009,4.721654846800001,1.7066096075,2.0249017228,0.9901435165,42.19615406873397
Americas,2010,4.821908694799999,1.7360954068,2.0668991721000003,1.0189141159,41.890565513925
Americas,2011,4.1755176832,1.7283532102,1.4257965234999999,1.0213679495,39.79334022746257
Americas,2012,4.1659913101,1.726316351,1.4283692439,1.0113057152,40.27529692641637
Americas,2013,4.1952921084,1.729849049,1.4209366871,1.0445063723,39.93259873585339
Americas,2014,4.219094322,1.7361831322999999,1.4218201629,1.0610910268,39.62986046674842
Americas,2015,4.2183005173,1.7417158046999999,1.4308894624000001,1.0456952502,40.056020306857654
Americas,2016,4.4661924186,1.7608497446,1.6437689102,1.0615737638,40.123559604558444
Americas,2017,4.497199219600001,1.7853257757999998,1.6471688535,1.0647045903,40.367034519147694
Americas,2018,4.4898964467,1.7856509017,1.6359522016,1.0682933434,39.947694779915885
Americas,2019,4.5282582067,1.8119470032,1.6550576576,1.0612535459,40.24207802669503
Americas,2020,4.557697077399999,1.8313195481,1.6608517932,1.0655257361000001,43.47007872662197
Americas,2021,4.7797745914,1.8351257457999999,1.8367506893,1.1078981562999999,42.095469154738005
Americas,2022,4.8188863878,1.8595143652,1.8368278776,1.122544145,41.90403599840788
Americas,2023,4.8231160884,1.8723296998999999,1.8367322442999998,1.1140541442,42.240610947174304
Asia,1990,4.9671805317,2.4777564033,1.4717048551,1.0177192733,46.452166526962785
Asia,1991,5.0350668487,2.5120655668,1.4717048551,1.0512964268,43.70482272323431
Asia,1992,5.238246391200001,2.6618259692,1.4720361463,1.1043842757000002,43.23433843348836
Asia,1993,5.2669696073,2.6670774265999997,1.4720361463,1.1278560344,42.29642006175286
Asia,1994,5.3623278739,2.7168596818,1.4720361463,1.1734320458,41.59447454191259
Asia,1995,5.5131331611,2.8136831624,1.4720361463,1.2274138524,41.38273634365041
Asia,1996,5.457281586500001,2.8887227658000003,1.2948034772,1.2737553435,40.24001043202736
Asia,1997,6.396974494699999,2.8259979308000003,2.2677801719999997,1.3031963919,43.59861251264322
Asia,1998,5.6810698036,2.8612634621,1.5108383327,1.3089680088,41.474173710346506
Asia,1999,5.5962351817,2.9045179474999996,1.3373997103,1.3543175238999998,39.71297837842778
Asia,2000,5.6271939194,2.8885341316,1.2538990445,1.4847607433,38.847917007676564
Asia,2001,4.6262057636,2.8845397915,0.2044173806,1.5372485915,34.09354362614301
Asia,2002,5.1515110766,2.8517692938,0.7135141566,1.5862276262000001,35.19042351795589
Asia,2003,4.8985511891,2.8860055989999998,0.351329951,1.6612156391,31.5852536562146
Asia,2004,5.4411751553,2.9575032812,0.7257576770999999,1.7579141969999998,32.3346316749386
Asia,2005,5.2457632431,3.0106797812,0.4275800461,1.8075034158,29.950627451276926
Asia,2006,5.805468492499999,3.1077534978,0.8195090738,1.8782059209,30.582808862268607
Asia,2007,5.3388444044000005,3.1130210885,0.2458144141,1.9800089018,27.780286501702843
Asia,2008,5.4294492043,3.1741676466,0.21105415849999998,2.0442273992,27.017380991496964
Asia,2009,5.9282971966,3.2034990697,0.6262698445999999,2.0985282823,28.053376568594057
Asia,2010,5.6464432127999995,3.2394958068,0.2276380858,2.1793093202,25.63135546441022
Asia,2011,6.108467568799999,3.2727572888000003,0.5547545775999999,2.2809557024,26.01999932339021
Asia,2012,6.1931902536,3.2940717944,0.5681420687,2.3309763905,25.51502068082902
Asia,2013,6.3614620965999995,3.3645296346,0.5439633474,2.4529691146,25.98361875013916
Asia,2014,6.7996000636,3.3873611554000003,0.9011046506,2.5111342576,26.78565465648886
Asia,2015,6.8266886735,3.3807198193,0.9221770785,2.5237917757,26.687414169207297
Asia,2016,6.3277070526,3.4309864344000003,0.3112466711,2.5854739471,25.45327023849403
Asia,2017,6.3132008587,3.4804365978000003,0.260945818,2.5718184429,24.775424862684883
Asia,2018,6.5281069511,3.4743383795,0.45172059470000003,2.6020479769000002,24.694146502206006
Asia,2019,6.820366366499999,3.5001747953,0.6899714086,2.6302201626,24.833554646520987
Asia,2020,6.5302210505,3.5613028913,0.2892492172,2.6796689419999997,24.483410497460802
Asia,2021,6.7072021469,3.6295053735000002,0.31223014889999995,2.7654666245,23.804174609039176
Asia,2022,6.8070727748,3.6617532923,0.2902418265,2.8550776559999997,23.693124386489036
Asia,2023,7.096022938,3.6767876035000002,0.5549766612,2.8642586732999997,23.703235786367827
Europe,1990,2.4235847103,1.8392110756000002,0.0301015491,0.5542720856,26.040757962799006
Europe,1991,2.4960376253999996,1.8043701780999999,0.0301015491,0.6615658982,27.861333387707596
Europe,1992,2.1823382097999997,1.4408080478999998,0.0297702579,0.711759904,27.555191576556243
Europe,1993,2.1626581436,1.4049922009,0.0297702579,0.7278956848,28.852717082006134
Europe,1994,2.1052583887,1.3705617994,0.0297702579,0.7049263314,30.085552766877004
Europe,1995,2.0663328563000003,1.3296508226000001,0.0297702579,0.7069117758,29.591198098344844
Europe,1996,2.0495709943,1.2933355981999999,0.0297702579,0.7264651382,29.208508698929894
Europe,1997,1.9876104972000002,1.2534917488,0.0297702579,0.7043484904999999,29.571259909635657
Europe,1998,1.984261716,1.2185394924000001,0.0297702579,0.7359519657,29.955509803450468
Europe,1999,1.9670008897,1.193760113,0.0297702579,0.7434705187999999,30.06931328661322
Europe,2000,1.9700281751000002,1.1762571057,0.0297702579,0.7640008115,29.940001614484967
Europe,2001,1.9810352205000001,1.1563972328,0.0424348686,0.7822031191000001,30.302054235978673
Europe,2002,1.9629068166,1.1397045204,0.0424348686,0.7807674276000001,30.271335141796914
Europe,2003,1.9810615825,1.1315859129,0.0424348686,0.807040801,29.69416518325537
Europe,2004,1.9614158799,1.1133665112,0.0424348686,0.8056145000999999,29.29214266876325
Europe,2005,1.9603332718,1.1017886729,0.0424348686,0.8161097303,29.49324040893604
Europe,2006,1.9615218177,1.0877469345,0.0424348686,0.8313400146,29.235247452179493
Europe,2007,1.9679007205,1.0908180426,0.0424348686,0.8346478092999999,29.613307323937065
Europe,2008,1.9586620175999998,1.0912309054,0.0424348686,0.8249962436,29.682112386080416
Europe,2009,1.9071519665999999,1.0659191308,0.0424348686,0.7987979672,31.666738841014723
Europe,2010,1.9319908379,1.0693036254000001,0.0424348686,0.8202523439,30.622146572115145
Europe,2011,1.9436270587,1.0728363543,0.0425288768,0.8282618276,29.75095614817326
Europe,2012,1.9410906288,1.0687522416000002,0.0425288768,0.8298095104000001,29.802415354513094
Europe,2013,1.9484391751,1.0656471325999999,0.0425288768,0.8402631657,30.724910678407436
Europe,2014,1.9400304238,1.0745522634,0.0425288768,0.8229492836,31.83854109420717
Europe,2015,1.9306324713,1.0711525015,0.0425288768,0.816951093,31.796770786749523
Europe,2016,1.9233732377,1.0740520983,0.0475922364,0.8017289030000001,30.219213555059884
Europe,2017,1.9316627438999998,1.0767637208,0.0475922364,0.8073067867,29.84952849105707
Europe,2018,1.9247103889,1.0698853223000002,0.0475922364,0.8072328301999999,29.310724510202924
Europe,2019,1.9059230199,1.0675784781,0.0475922364,0.7907523054,30.26628910869629
Europe,2020,1.89666623,1.0676934979000001,0.0475922364,0.7813804957,32.12422777721429
Europe,2021,1.9189916125,1.0599971197,0.0413224049,0.8176720879,31.952177338925992
Europe,2022,1.877177932,1.0338345917,0.0413224049,0.8020209354,31.454123523303355
Europe,2023,1.8674697079,1.0267735575,0.0413224049,0.7993737455,32.425209551991216
Oceania,1990,0.3719571426,0.2578377184,0.0697182447,0.0444011795,56.36621420026751
Oceania,1991,0.3700666361,0.2556759446,0.0697182447,0.0446724468,56.24102179540605
Oceania,1992,0.3653865584,0.2511225205,0.0697182447,0.0445457932,55.14199476660914
Oceania,1993,0.3640509529,0.2485678969,0.0697182447,0.0457648113,54.167010868564496
Oceania,1994,0.3682692768,0.2530383032,0.0697182447,0.0455127289,54.71178165690603
Oceania,1995,0.36902834009999996,0.2518504866,0.0697182447,0.047459608800000004,54.360435223418946
Oceania,1996,0.3617796361,0.241608579,0.06949898040000001,0.0506720767,52.31434350840857
Oceania,1997,0.3783422424,0.24199991070000001,0.08369001179999999,0.0526523199,52.69835659746353
Oceania,1998,0.3726895818,0.24790962760000002,0.0694990265,0.0552809277,51.66206282995011
Oceania,1999,0.4070396164,0.2814412714,0.0696397845,0.0559585605,53.1961444077264
Oceania,2000,0.4253239889,0.29883618359999997,0.06932562360000001,0.0571621817,54.368389289711736
Oceania,2001,0.4555184145,0.3179821505,0.0803660902,0.057170173799999995,56.08048452286056
Oceania,2002,0.4442911432,0.3053079363,0.0804880423,0.058495164599999996,54.22316105093266
Oceania,2003,0.3676939241,0.22992598120000002,0.0803078904,0.0574600525,49.857693763389236
Oceania,2004,0.4122061423,0.2729965439,0.0807016544,0.058507944000000006,52.5772527131014
Oceania,2005,0.3713577789,0.230955872,0.08033223299999999,0.0600696739,49.58779356590023
Oceania,2006,0.4072537079,0.266905429,0.0802527219,0.060095557,50.45852841272555
Oceania,2007,0.3995812948,0.2573902953,0.08014990089999999,0.0620410986,49.722203213380524
Oceania,2008,0.3658226489,0.22262434039999998,0.08018239969999999,0.06301590879999999,46.840926067499346
Oceania,2009,0.3788193912,0.22988925270000002,0.08042648549999999,0.06850365300000001,47.55236601976922
Oceania,2010,0.35548022850000005,0.2054543234,0.0801379071,0.069887998,46.0373020828591
Oceania,2011,0.37682214039999995,0.30764389870000003,0.0056722262,0.0635060155,48.201123231243116
Oceania,2012,0.37599915879999996,0.3090550622,0.0057136651,0.0612304315,48.14916459958617
Oceania,2013,0.29608900839999996,0.2292649564,0.0056562298,0.0611678222,42.672845167678084
Oceania,2014,0.3176451684,0.2516167735,0.005721395000000001,0.060306999900000005,44.6723159209881
Oceania,2015,0.31033694040000004,0.2420360503,0.0065383765,0.0617625136,43.92617265652197
Oceania,2016,0.292267207,0.2095804452,0.0208813051,0.061805456700000004,42.13736599990781
Oceania,2017,0.3391123897,0.25276858139999997,0.0208676957,0.0654761126,45.82681677780073
Oceania,2018,0.3379499661,0.25071434789999997,0.0214683608,0.0657672574,45.58800868277435
Oceania,2019,0.30345014319999997,0.2168048443,0.0208870015,0.0657582974,41.391201715557
Oceania,2020,0.280029693,0.1938617662,0.0208128053,0.0653551215,40.53293908483919
Oceania,2021,0.28567781420000005,0.2154429266,0.004836402,0.0653984856,41.15326413489153
Oceania,2022,0.2865589729,0.2172347396,0.0048293849,0.0644948484,40.99382668452446
Oceania,2023,0.36815772080000003,0.2987214105,0.0048896083,0.064546702,47.1163866692786
World,1990,14.7628822038,6.7026606367,5.5711236051,2.4890979619999998,43.167049131856594
World,1991,14.9363939968,6.7088802682,5.5711236051,2.6563901235,43.01196824362682
World,1992,14.8531656975,6.5273110719,5.5711236051,2.7547310205,43.134738371244616
World,1993,14.8722729769,6.5027586655,5.5711236051,2.7983907063,42.99455110693147
World,1994,14.9700361438,6.5624107601,5.5711236051,2.8365017785999997,43.0398340437324
World,1995,15.184952172800001,6.6405870873,5.5711236051,2.9732414803999996,42.889717882935734
World,1996,15.1140989143,6.6761433266,5.366129721,3.0718258667000002,42.039917402769895
World,1997,16.0888151215,6.594290426400001,6.365799127500001,3.1287255676,43.42994609771817
World,1998,15.4543908558,6.6445210038,5.636239866,3.173629986,42.637597892150495
World,1999,15.3827908918,6.6987180591,5.4441083448,3.2399644879,41.98811264713018
World,2000,15.430068896,6.693612786899999,5.3112143966,3.4252417125,41.360664953654926
World,2001,13.6147531515,6.7058462046,3.3826489279,3.5262580189999997,38.371560280070625
World,2002,14.204084798,6.7423395915999995,3.9099593392,3.5517858672,38.802648315326955
World,2003,14.011591899599999,6.7618720546,3.5777201609000002,3.6719996841,36.941804898672686
World,2004,14.6572013878,6.912635106100001,3.9567093107,3.787856971,37.02658367922577
World,2005,14.535129978299999,6.9839701142,3.6708932685,3.8802665956,35.968764418941596
World,2006,15.1120724062,7.0864685652,4.0346303048,3.9909735362,36.00894728148848
World,2007,14.764227808,7.1429268059,3.4817617319,4.1395392702,34.81658662322436
World,2008,14.8265924783,7.180857047,3.4259724253,4.219763006,34.374569884595545
World,2009,15.231240058700001,7.1712498735,3.8240860455999997,4.235904139600001,35.38148392258628
World,2010,15.1203919689,7.2534755269,3.4866615292,4.3802549128,33.860335192622834
World,2011,15.2837081155,7.408679823,3.3836777144999997,4.491350578,33.48109903774502
World,2012,15.3825330897,7.438433513600001,3.3971257069000003,4.5469738691999995,33.20635088096398
World,2013,15.51571921,7.433470217899999,3.3552698372,4.7269791549,33.40295787957597
World,2014,16.0043117166,7.5008736715,3.7061071234,4.7973309216999995,33.80337153231346
World,2015,16.047706303,7.5096033152,3.7452185131,4.7928844747,33.844770955365796
World,2016,15.399844441099999,7.5848332173,2.9498425359000002,4.865168687900001,32.51711277977807
World,2017,15.484751515900001,7.7072001788,2.9050813253000003,4.872470011800001,32.135930636764655
World,2018,15.6894456146,7.7016967917,3.0669823173000004,4.9207665056,31.795912619113892
World,2019,15.996626098099998,7.7317448437000005,3.3323152346000002,4.9325660198,31.834829314289944
World,2020,15.7416020013,7.834438188,2.9305662646,4.9765975487,32.69307725563115
World,2021,16.0530126429,7.928672767699999,2.9702641335999997,5.154075741600001,31.862422520625117
World,2022,16.152490613,7.9664430851,2.9386141719,5.247433355999999,31.63541104682777
World,2023,16.5350723737,8.0969734689,3.190127728,5.247971176799999,31.73369043567759
