area,region,year,agrifood_t_per_cap,farm_gate_t_per_cap,population_m,gdp_cap_ppp
Armenia,Asia,2023,1.052021391638833,0.48713117820148377,2.943393,19403.0
Afghanistan,Asia,2023,0.546407128001534,0.3897915006674384,41.454761,1984.0
Albania,Europe,2023,1.3800894490967064,0.8742574746901736,2.811655,20481.0
Algeria,Africa,2023,1.4033783415679577,0.3380234527524445,46.164219,15159.0
Angola,Africa,2023,2.281792579278979,0.9790153449644198,36.749906,8788.0
Argentina,Americas,2023,5.374832298130099,3.3143738050881493,45.538401,27230.0
Australia,Oceania,2023,10.731265635441428,8.578328353834793,26.451124,60685.0
Austria,Europe,2023,1.9914037226509287,0.9431159039734057,9.130429,64536.0
Bahrain,Asia,2023,2.5639315625107506,0.055388088931021,1.569666,57820.0
Bangladesh,Asia,2023,0.8387907579178943,0.6622733950132326,171.46699,8242.0
Bolivia (Plurinational State of),Americas,2023,9.393527289216026,2.8859015306808744,12.244159,11616.0
Botswana,Africa,2023,6.746048211385655,6.1530857447896254,2.480244,18932.0
Brazil,Americas,2023,9.755391181774312,2.90324174025183,211.140729,19080.0
Bulgaria,Europe,2023,2.1985061956622345,1.0114150160032598,6.795803,33074.0
Myanmar,Asia,2023,2.949549566058528,1.3944779267104075,54.133798,5364.0
Burundi,Africa,2023,0.6381837400333834,0.5084115285858818,13.68945,1036.0
Cameroon,Africa,2023,2.8316051771903026,0.5128086282416607,28.372687,4875.0
Canada,Americas,2023,7.483755238191812,3.2597251693136524,39.299105,57517.0
Central African Republic,Africa,2023,10.977559772386613,3.0290056460836565,5.152421,1133.0
Sri Lanka,Asia,2023,0.6445310271366618,0.34887071293239824,22.971617,13025.0
Chad,Africa,2023,6.1783084315057915,4.955356149759637,19.319064,2433.0
Chile,Americas,2023,1.8093246522492306,0.6897573279393209,19.658835,29564.0
"China, mainland",Asia,2023,1.592766569741253,0.6688469586089734,1422.584933,
Colombia,Americas,2023,3.2570484132306565,1.436858844392417,52.321152,18383.0
Congo,Africa,2023,1.177788022905165,0.9109557269785868,6.182885,6172.0
Costa Rica,Americas,2023,2.0217158862212994,1.1721447451535347,5.105525,25980.0
Cuba,Americas,2023,1.1857465713714541,0.8669839947273718,11.019931,
Cyprus,Asia,2023,1.20901242847456,0.3730828654191599,1.344976,51454.0
Azerbaijan,Asia,2023,1.6163442640761134,0.8955759561714549,10.318207,21311.0
Benin,Africa,2023,1.2082187740458992,0.4844257408776706,14.111034,3721.0
Denmark,Europe,2023,3.0668582560990534,2.4540370798515703,5.948136,69379.0
Dominican Republic,Americas,2023,1.9480231112766317,0.9761830386986801,11.331265,23282.0
Belarus,Europe,2023,9.472056851491057,7.675955935267583,9.11568,27782.0
Ecuador,Americas,2023,1.9079728664211395,0.6814286674872413,17.980083,14343.0
Egypt,Africa,2023,0.7659949347527862,0.27355186552547095,114.535772,16691.0
El Salvador,Americas,2023,0.8627315034937106,0.3474307185340997,6.309624,11425.0
Equatorial Guinea,Africa,2023,2.3280445606584728,0.013682668226932005,1.847549,15688.0
Estonia,Europe,2023,7.428794920406439,5.6884086846362925,1.367196,41289.0
Finland,Europe,2023,4.845714701442641,3.9670594704513418,5.601185,56251.0
France,Europe,2023,2.1121192485923364,1.2987497656114373,66.438822,54297.0
Djibouti,Africa,2023,0.9269073779819316,0.6656698850941589,1.152944,6511.0
Georgia,Asia,2023,1.4525417518933725,0.5575359317892198,3.807492,22591.0
Gabon,Africa,2023,2.5157790862725165,0.45580220292346757,2.484789,18701.0
Gambia,Africa,2023,0.7991313437206363,0.4346305291816246,2.697845,2964.0
Germany,Europe,2023,2.0933599178438165,1.1124221179742955,84.548231,63039.0
Bosnia and Herzegovina,Europe,2023,1.690114889046499,0.6704177580859214,3.185073,19805.0
Ghana,Africa,2023,0.5540970892728092,0.34539526470915016,33.787914,6809.0
Greece,Europe,2023,2.237240752333224,0.9934165961463288,10.242908,36701.0
Guatemala,Americas,2023,1.8865346824065408,0.6172455886226405,18.124838,12385.0
Guinea,Africa,2023,3.206287737406379,1.7416869899679763,14.405468,3905.0
Haiti,Americas,2023,1.0369344762463224,0.4050056120792638,11.637398,2966.0
Honduras,Americas,2023,1.787566786984618,0.7239422609109324,10.644851,6468.0
"China, Hong Kong SAR",Asia,2023,1.4301511245733085,0.006785665052654038,7.442734,64435.0
Hungary,Europe,2023,2.6718141699400495,1.4806115193956761,9.686463,40333.0
Croatia,Europe,2023,2.0021826103182656,0.811318388007463,3.896023,41320.0
India,Asia,2023,0.9826588816220267,0.7263261596693962,1438.069596,9302.0
Indonesia,Asia,2023,2.9351073140858848,1.4131654764319965,281.190067,13890.0
Iran (Islamic Republic of),Asia,2023,1.74163578562047,0.9632820695697601,90.608707,17045.0
Iraq,Asia,2023,0.714581421340692,0.192110331601228,45.074049,13202.0
Ireland,Europe,2023,7.7583789686777775,6.806247587378743,5.19663,117862.0
Israel,Asia,2023,2.0271802685172524,0.3684166829258385,9.256314,47527.0
Italy,Europe,2023,1.738272814037467,0.7306507153939718,59.499453,52870.0
Côte d'Ivoire,Africa,2023,1.6927069683825664,0.3234136142305886,31.165654,6521.0
Kazakhstan,Asia,2023,2.5642081270218786,1.3748016635822422,20.330104,34703.0
Jamaica,Americas,2023,1.1307533736697062,0.29609445923037864,2.839786,11399.0
Japan,Asia,2023,1.278785002738622,0.35418601500236224,124.370947,45859.0
Jordan,Asia,2023,0.8129301202801277,0.27427184894625184,11.439213,9381.0
Kyrgyzstan,Asia,2023,1.1058856868352316,0.8652790210695784,7.073516,6576.0
Kenya,Africa,2023,1.1232803963468658,0.969148258221209,55.339002,5692.0
Cambodia,Asia,2023,5.98100881663556,1.5115670275506947,17.42388,6695.0
Democratic People's Republic of Korea,Asia,2023,0.38342799911757813,0.24096783414951295,26.418204,
Republic of Korea,Asia,2023,1.8884195419718344,0.5526399783384094,51.748739,54029.0
Kuwait,Asia,2023,2.548804141207436,0.3099288002641987,4.838782,47777.0
Latvia,Europe,2023,5.273203087979363,4.611653552174993,1.882396,37278.0
Lao People's Democratic Republic,Asia,2023,4.7844082310316525,1.6281993342981527,7.664993,8372.0
Lebanon,Asia,2023,1.0965427688229639,0.13172103958556805,5.773493,11330.0
Lesotho,Africa,2023,0.7769683560951636,0.5302441474523594,2.311472,2596.0
Liberia,Africa,2023,4.415295635506153,0.11312135322010744,5.493031,1617.0
Libya,Africa,2023,1.8629256032891761,0.6041146185443366,7.305659,12477.0
Lithuania,Europe,2023,7.5562721545398395,5.270088423702191,2.854099,46160.0
Madagascar,Africa,2023,2.1477260913378067,0.9355629092921474,31.195932,1629.0
Malawi,Africa,2023,0.9812442920892349,0.5465474727121945,21.104482,1649.0
Malaysia,Asia,2023,4.075727054983136,1.300638735115212,35.126298,32858.0
Mali,Africa,2023,2.777653798559787,1.751157082883187,23.769127,2860.0
Mauritania,Africa,2023,2.500916586177916,2.1448444093220806,5.022441,6276.0
Mauritius,Africa,2023,1.4211931959157906,0.10901790846019277,1.273588,26635.0
Mexico,Americas,2023,1.8738236757476943,0.9384928193060695,129.739759,21917.0
Mongolia,Asia,2023,17.464063944157402,16.037016671658996,3.431932,16223.0
Morocco,Africa,2023,1.2404298309009174,0.5446223129436775,37.712505,8915.0
Mozambique,Africa,2023,2.049825156175859,0.542066896664086,33.63516,1512.0
Republic of Moldova,Europe,2023,1.9027637452030763,0.7055468900285939,3.06707,15990.0
Namibia,Africa,2023,3.1406224235132525,2.865594218207651,2.963095,10138.0
Nepal,Asia,2023,1.0423128921628684,0.8022888494189552,29.694614,4861.0
Netherlands (Kingdom of the),Europe,2023,3.1072191309515462,1.9317320734243602,18.092524,70199.0
North Macedonia,Europe,2023,1.8361204431483313,0.5672317750499235,1.831802,23455.0
New Zealand,Oceania,2023,10.059138836027278,8.683390252464992,5.172836,49508.0
Nicaragua,Americas,2023,3.258432123861655,1.927419696867334,6.823613,
Niger,Africa,2023,1.6022081113791593,1.393454962901761,26.159867,1690.0
Nigeria,Africa,2023,0.775898477176517,0.3724629620702856,227.882945,7844.0
Norway,Europe,2023,2.786229334970295,2.1918251431783093,5.519167,90085.0
Pakistan,Asia,2023,1.1871383228817725,0.9573140386803884,247.504495,5419.0
Panama,Americas,2023,2.6243840270353256,1.1908849076615264,4.458759,35873.0
Czechia,Europe,2023,1.8315895348221913,0.7505714858743745,10.809716,47558.0
Papua New Guinea,Oceania,2023,2.707084714718082,2.421916506210276,10.389635,4206.0
Paraguay,Americas,2023,10.433414760585176,4.653473406324178,6.844146,15826.0
Peru,Americas,2023,5.189497541143953,0.8427048028109518,33.845617,15328.0
Philippines,Asia,2023,0.9452372344029588,0.589564315539957,114.891199,9899.0
Poland,Europe,2023,3.552270426803565,1.956036966740624,38.762844,43673.0
Portugal,Europe,2023,1.856029985606004,0.8416998394552715,10.430738,41768.0
Guinea-Bissau,Africa,2023,1.36987882539628,0.881987090746046,2.153339,2694.0
Timor-Leste,Asia,2023,1.341925006826624,0.8102363239966308,1.384286,4331.0
Puerto Rico,Americas,2023,1.7356533867896682,0.18981524807196,3.242023,42838.0
Eritrea,Africa,2023,1.7431889211299019,1.4134586890810543,3.47039,
Qatar,Asia,2023,3.9476186623933143,0.21349684231585433,2.979082,116564.0
Zimbabwe,Africa,2023,2.197207668010826,0.7833167327812518,16.340822,5218.0
Romania,Europe,2023,2.9911570998927264,0.9021105915381659,19.118479,40117.0
Rwanda,Africa,2023,0.5845178581115686,0.3389458905321455,13.954471,3063.0
Russian Federation,Europe,2023,2.9100640839381056,1.322133970249002,145.4405,39887.0
Saudi Arabia,Asia,2023,2.2576374028943706,0.48272425578755745,33.264292,64482.0
Senegal,Africa,2023,1.168570659346805,0.7560928837073428,18.077573,4305.0
Sierra Leone,Africa,2023,1.0032538810889933,0.4855746791683529,8.460512,3035.0
Slovenia,Europe,2023,2.037300297017177,0.935034856561285,2.118396,47977.0
Slovakia,Europe,2023,1.2079594349820724,0.47489272941280936,5.518055,39518.0
Singapore,Asia,2023,0.9241361422952484,0.002777707722629982,5.78909,129555.0
Somalia,Africa,2023,1.7351465946641398,1.2792685777222301,18.358615,1402.0
South Africa,Africa,2023,1.3036126069853655,0.6745259631403873,63.212384,13695.0
Spain,Europe,2023,1.817018140854844,1.0121410776296893,47.911579,47323.0
Tajikistan,Asia,2023,0.9441936845938983,0.7514077606313654,10.389799,4472.0
Eswatini,Africa,2023,1.833557414592046,0.9611143708360625,1.230506,10182.0
Sweden,Europe,2023,3.0181603571968103,1.759683538653389,10.551494,62663.0
Switzerland,Europe,2023,1.6453695656903773,0.7412008665517322,8.870561,82295.0
Syrian Arab Republic,Asia,2023,0.7422963104771796,0.31611681610678843,23.594623,
Turkmenistan,Asia,2023,3.1580061370602888,2.406975101155037,7.364438,17866.0
"China, Taiwan Province of",Asia,2023,1.7115971445046123,0.32667450925059655,23.317145,
United Republic of Tanzania,Africa,2023,2.443926737625486,1.2222529641788686,66.617606,3621.0
Thailand,Asia,2023,3.4493867174803756,1.280427740006319,71.702435,21191.0
Togo,Africa,2023,0.7728651300789776,0.44368945202064725,8.22385,2842.0
Trinidad and Tobago,Americas,2023,13.991262146258116,0.17928415923009158,1.502932,31197.0
Oman,Asia,2023,2.3923935722180776,0.4655428538269599,5.049269,37794.0
Tunisia,Africa,2023,1.3848328800843184,0.5246701038676421,12.200431,12651.0
Türkiye,Asia,2023,1.8080438784234778,0.8318443869137409,87.270501,35069.0
United Arab Emirates,Asia,2023,1.9807042626343474,0.4992382504887907,10.642081,70240.0
Uganda,Africa,2023,1.233283296956974,0.764536684344227,48.656601,2791.0
United Kingdom of Great Britain and Northern Ireland,Europe,2023,1.8315761862454332,1.1884533110263942,68.682962,52593.0
Ukraine,Europe,2023,2.147976953017791,1.2550293595742446,37.732836,15917.0
United States of America,Americas,2023,3.0092022392103397,1.4604479279542564,343.477335,74159.0
Burkina Faso,Africa,2023,1.99352312816732,1.0554074312196904,23.025776,2486.0
Uruguay,Americas,2023,9.267483982820954,8.655189825745015,3.388081,31059.0
Uzbekistan,Asia,2023,1.9714234369181216,1.3224995762546308,35.652307,10008.0
Venezuela (Bolivarian Republic of),Americas,2023,3.076541707893338,1.5198987564120858,28.300854,
Viet Nam,Asia,2023,1.4435749226085663,0.8267595928547331,100.352192,13546.0
Ethiopia,Africa,2023,1.2498630929493102,1.1054331525923213,128.691692,2758.0
Yemen,Asia,2023,0.4590563725300419,0.22856344447341628,39.390799,
Democratic Republic of the Congo,Africa,2023,2.058353131647532,0.26685601270694226,105.789731,1559.0
Zambia,Africa,2023,3.1341029190118785,1.8658176849845094,20.723965,3673.0
Belgium,Europe,2023,1.9410608207553846,0.9815518249846558,11.712893,63095.0
Serbia,Europe,2023,2.260246580604946,0.9441328996437579,6.773201,25735.0
Sudan,Africa,2023,1.9261839452559708,1.5658627113743517,50.042791,2181.0
South Sudan,Africa,2023,5.281538074088678,4.964890614901161,11.483374,
Palestine,Asia,2023,1.0499089884238006,0.07906151406436661,5.409202,5361.0
