region,year,kg_per_capita,production_mt,population_m
Africa,1961,159.24529000252477,46.310719,290.813744
Africa,1962,178.18870763231124,53.093043,297.959639
Africa,1963,178.69615283211638,54.568632,305.371051
Africa,1964,164.22444411437678,51.41217,313.060399
Africa,1965,161.918301888899,51.97792,321.013248
Africa,1966,147.731274946413,48.640817,329.251995
Africa,1967,181.6699834964979,61.377334,337.850716
Africa,1968,167.25296172248403,58.003434,346.800639
Africa,1969,168.1675989904106,59.873091,356.032264
Africa,1970,165.4221013935278,60.470359,365.551873
Africa,1971,174.88433125220976,65.638654,375.3261
Africa,1972,167.76693120509583,64.642592,385.311882
Africa,1973,145.22918013590626,57.484854,395.821652
Africa,1974,175.5038430765543,71.407246,406.869985
Africa,1975,164.6878181564,68.910844,418.433159
Africa,1976,164.12717798798315,70.656198,430.496636
Africa,1977,150.42213503524218,66.585882,442.660131
Africa,1978,152.77559483225724,69.595231,455.53893
Africa,1979,140.4531656227609,65.900368,469.198168
Africa,1980,150.31085595647522,72.607867,483.051384
Africa,1981,155.9303398914663,77.594156,497.620643
Africa,1982,140.13482208286578,71.883355,512.958549
Africa,1983,124.50250497311396,65.766259,528.232416
Africa,1984,121.43759989303172,66.018066,543.63777
Africa,1985,148.84415691228327,83.302682,559.66377
Africa,1986,153.79359260824594,88.580034,575.966999
Africa,1987,141.50886644499747,83.858301,592.601037
Africa,1988,157.3305006480861,95.875223,609.387389
Africa,1989,158.75586608793284,99.438146,626.358877
Africa,1990,144.76939723803824,93.19892304999999,643.77503
Africa,1991,158.59126892481274,104.84524359000001,661.103504
Africa,1992,132.2045850908144,89.70845426000001,678.557814
Africa,1993,144.159535342958,100.42463002,696.621488
Africa,1994,153.44907022682904,109.63972695999999,714.502387
Africa,1995,134.0117330924619,98.18974754999999,732.695155
Africa,1996,165.47285651986965,124.3484635,751.473481
Africa,1997,142.02837534074956,109.41644543000001,770.384405
Africa,1998,145.9904916754691,115.3297803,789.98145
Africa,1999,140.34170368570568,113.68794501,810.079556
Africa,2000,133.78003681050225,111.11536117,830.582528
Africa,2001,136.66352624813396,116.39497056,851.690087
Africa,2002,136.55751964423544,119.27084812000001,873.411061
Africa,2003,148.21644923230508,132.76254673,895.734228
Africa,2004,145.4322404713343,133.61997474,918.778218
Africa,2005,150.4835061050608,141.83768422999998,942.546382
Africa,2006,154.80771327547495,149.68855426,966.932145
Africa,2007,142.19083261279997,141.06121162,992.055599
Africa,2008,153.43543913326377,156.20729361000002,1018.065282
Africa,2009,153.81245779891066,160.69980005000002,1044.777532
Africa,2010,157.2896066504838,168.64851090000002,1072.216496
Africa,2011,149.58453331743635,164.56521521000002,1100.148602
Africa,2012,153.99802601858377,173.8396636,1128.843454
Africa,2013,154.86204842209716,179.45109,1158.780294
Africa,2014,161.3785175683915,191.91461537,1189.220339
Africa,2015,154.0149902363214,187.90991545,1220.075495
Africa,2016,149.061893949162,186.50750322,1251.208463
Africa,2017,159.26463803514739,204.32094098,1282.902115
Africa,2018,159.04743185554244,209.21254512000002,1315.409766
Africa,2019,152.14633132804303,205.09409037,1348.005493
Africa,2020,155.2193766809205,214.33020116,1380.821169
Africa,2021,155.81511637295478,220.28409632,1413.753052
Africa,2022,151.15178203779428,218.69904225,1446.883651
Africa,2023,149.17776600125126,220.89803888,1480.770525
Africa,2024,146.99651408448034,222.72042315000002,1515.140849
Americas,1961,533.0889451234326,227.749318,427.225738
Americas,1962,549.1035744473608,240.023182,437.118229
Americas,1963,586.2419578094102,262.066251,447.027456
Americas,1964,545.3274390521157,249.194793,456.963606
Americas,1965,585.7866607684405,273.470504,466.843174
Americas,1966,592.7051018905559,282.471711,476.580529
Americas,1967,622.0435588757116,302.431361,486.190005
Americas,1968,603.6305044703015,299.218566,495.698219
Americas,1969,605.4562248789002,305.88707,505.217483
Americas,1970,556.7796439996986,286.786348,515.080519
Americas,1971,664.3985656981368,348.944286,525.20325
Americas,1972,619.5841323438501,331.541968,535.1040330000001
Americas,1973,640.9212493780464,349.173548,544.799456
Americas,1974,566.1176883090284,313.921093,554.515606
Americas,1975,650.2671549500836,366.943715,564.296862
Americas,1976,678.7248209770504,389.67042,574.121364
Americas,1977,675.9199781351374,394.800338,584.093311
Americas,1978,680.4378291208664,404.337879,594.231922
Americas,1979,699.0571752914421,422.586412,604.509083
Americas,1980,649.9104132546468,399.692014,614.995553
Americas,1981,775.7194619817295,485.265253,625.567975
Americas,1982,772.8508161736754,491.693236,636.207177
Americas,1983,548.2192085500135,354.691496,646.98845
Americas,1984,705.172909473299,463.867913,657.807336
Americas,1985,755.8551674801157,505.363477,668.598296
Americas,1986,703.3044242567105,477.770531,679.322516
Americas,1987,643.2639497409494,443.875562,690.036434
Americas,1988,499.42219806920235,350.027409,700.86474
Americas,1989,615.4628081845484,438.086878,711.800733
Americas,1990,646.2134576829925,467.320265,723.167027
Americas,1991,593.7842567883205,436.32902055,734.827533
Americas,1992,697.3406287583658,520.52742562,746.446434
Americas,1993,561.9638272698049,425.91098315,757.897506
Americas,1994,679.7518874805963,522.77455044,769.066714
Americas,1995,577.8817775342801,450.80429638,780.097788
Americas,1996,657.8966092225697,520.38575076,790.98409
Americas,1997,647.2144877155089,518.90336185,801.748681
Americas,1998,653.4370691432113,530.94716841,812.545222
Americas,1999,635.4485718634604,523.150565,823.277584
Americas,2000,637.9391146753812,531.92851566,833.823328
Americas,2001,614.85659457059,519.0887621,844.243628
Americas,2002,552.2108060043502,471.85648285,854.486145
Americas,2003,648.1707102995051,560.38110036,864.557888
Americas,2004,688.297466449498,601.94261872,874.538478
Americas,2005,645.9588554005667,571.3472447400001,884.494794
Americas,2006,608.1177230697846,543.94309989,894.470066
Americas,2007,711.0144256426408,643.1340490700001,904.53024
Americas,2008,706.2662308088164,645.94722224,914.594517
Americas,2009,684.8224492535185,633.1329335199999,924.521289
Americas,2010,686.2046355486411,641.1168024,934.293896
Americas,2011,663.8800962191663,626.72259313,944.029798
Americas,2012,640.5618834583421,610.9302664500001,953.741211
Americas,2013,754.8950179933051,727.24151799,963.367754
Americas,2014,747.125527605603,726.871358,972.89054
Americas,2015,732.9153011589831,719.9110164,982.25677
Americas,2016,799.9426288538873,793.20779427,991.580853
Americas,2017,767.8642955525526,768.41267275,1000.714159
Americas,2018,741.3290710805497,748.36389625,1009.489477
Americas,2019,750.0268691767228,763.44830299,1017.894604
Americas,2020,766.2015367116953,784.94568653,1024.463733
Americas,2021,758.556342690071,780.71169274,1029.207257
Americas,2022,743.7224730074396,769.6401339500001,1034.848565
Americas,2023,789.7012800775103,822.70625912,1041.794258
Americas,2024,779.284355259844,817.28317764,1048.7611769999999
Asia,1961,195.67049523134034,329.54055,1684.160658
Asia,1962,202.20866009348384,347.434611,1718.198473
Asia,1963,210.15077849702612,370.50346,1763.036343
Asia,1964,215.87079666300752,390.730593,1810.020619
Asia,1965,208.0467904362727,386.023641,1855.465495
Asia,1966,212.52905620853122,403.908002,1900.483676
Asia,1967,219.78149123585342,427.577025,1945.464209
Asia,1968,220.58560716018317,439.579936,1992.786119
Asia,1969,219.9871230550269,449.286796,2042.33225
Asia,1970,229.82928082881685,480.976674,2092.756294
Asia,1971,228.88216501227515,490.378863,2142.494864
Asia,1972,218.33368403273323,478.505619,2191.625269
Asia,1973,228.39565796206108,511.97687,2241.622606
Asia,1974,224.85703411911166,515.175291,2291.123749
Asia,1975,239.28377979165737,559.725912,2339.171976
Asia,1976,236.59686781690723,564.510967,2385.961286
Asia,1977,235.64726072180378,573.197517,2432.438702
Asia,1978,249.17767380184944,617.651185,2478.758131
Asia,1979,246.1947172655948,622.02206,2526.545114
Asia,1980,245.29445210433818,631.986226,2576.439135
Asia,1981,250.1848457371031,657.431504,2627.783078
Asia,1982,252.07739669093675,675.923852,2681.413966
Asia,1983,272.16381503219037,744.564504,2735.721881
Asia,1984,275.6376045992295,769.039127,2790.037042
Asia,1985,264.774322408464,753.455381,2845.651248
Asia,1986,266.3423028585837,773.215407,2903.08899
Asia,1987,257.40297947947056,762.566907,2962.541104
Asia,1988,265.03371389017974,800.997634,3022.248084
Asia,1989,269.3428390667777,830.134772,3082.074782
Asia,1990,278.19526574615475,874.20432392,3142.412656
Asia,1991,271.1378681519675,867.7842982100001,3200.52785
Asia,1992,280.0499004823327,931.34026809,3325.622564
Asia,1993,276.1390852773872,933.58920216,3380.865846
Asia,1994,269.4305053541939,925.3657409299999,3434.524757
Asia,1995,270.13147970077927,942.13229716,3487.680511
Asia,1996,277.0699800478545,981.02998713,3540.729988
Asia,1997,276.2610844399709,992.67937426,3593.265321
Asia,1998,276.5629919807723,1008.14294821,3645.256153
Asia,1999,280.2106683983908,1035.81322767,3696.551718
Asia,2000,265.57004564747825,995.29818641,3747.780304
Asia,2001,263.46711994827893,1000.89001784,3798.918127
Asia,2002,257.1220946696086,989.49348221,3848.340935
Asia,2003,256.6532450160876,1000.12608517,3896.798909
Asia,2004,262.64659898459263,1036.24487703,3945.396137
Asia,2005,271.0512854301495,1082.55893532,3993.926587
Asia,2006,276.30038765057316,1117.0343083900002,4042.825701
Asia,2007,280.0312556667953,1145.78622248,4091.636913
Asia,2008,283.9410067783299,1175.61752826,4140.358385
Asia,2009,284.6129388549676,1192.51075906,4189.938672
Asia,2010,286.69217413282126,1215.52398006,4239.822673000001
Asia,2011,299.94308470331674,1286.6047808399999,4289.496396
Asia,2012,300.037594805746,1302.04578795,4339.608804
Asia,2013,303.6214360239045,1332.57661732,4388.941159
Asia,2014,302.28647715775855,1341.2288630399999,4436.946289
Asia,2015,309.14520103649727,1385.9931198900001,4483.307893
Asia,2016,307.6515861840754,1393.17411395,4528.415183
Asia,2017,307.7287281751416,1407.08309004,4572.478814
Asia,2018,306.1805993691231,1412.60201278,4613.623514
Asia,2019,306.48631422913496,1425.89241868,4652.385286
Asia,2020,309.42039752775423,1450.5979029100001,4688.113371
Asia,2021,311.3222013414854,1468.916638,4718.316367
Asia,2022,312.02842727883524,1481.40520538,4747.661033
Asia,2023,319.1031086863655,1524.6760848,4778.004486
Asia,2024,325.3505467689445,1563.92689484,4806.898007
Europe,1961,407.9320973665334,263.708561,646.4521
Europe,1962,430.43483643623614,281.304864,653.536471
Europe,1963,378.4977785556103,249.985597,660.467805
Europe,1964,444.2461968197512,296.395501,667.187481
Europe,1965,411.2093692065253,276.988177,673.594032
Europe,1966,479.9451104108038,326.237108,679.738372
Europe,1967,470.06166301606834,322.26266,685.575288
Europe,1968,497.94016373440314,344.191996,691.23164
Europe,1969,489.11644740896105,340.853217,696.875394
Europe,1970,499.799579096653,350.759619,701.800549
Europe,1971,536.3552283421777,379.089002,706.787185
Europe,1972,522.316258228714,372.088685,712.38197
Europe,1973,585.9388578087072,420.525245,717.694755
Europe,1974,565.9947711326719,409.032036,722.678118
Europe,1975,475.40432879450645,345.750625,727.276981
Europe,1976,574.5584039688853,420.475761,731.824229
Europe,1977,551.7621106169519,406.404054,736.556654
Europe,1978,626.4306718344226,464.300797,741.184648
Europe,1979,540.2148998118431,402.802078,745.63304
Europe,1980,571.110503431703,428.427277,750.165291
Europe,1981,513.6497776779203,387.547581,754.49771
Europe,1982,577.4398419718673,437.931926,758.402684
Europe,1983,564.0001799769244,429.948589,762.31995
Europe,1984,597.8482588314347,458.114323,766.271903
Europe,1985,588.0579741923716,452.952936,770.252179
Europe,1986,605.8133800032301,469.229181,774.544103
Europe,1987,590.8685567969084,460.300113,779.02286
Europe,1988,584.5667006500234,458.028765,783.535505
Europe,1989,610.0523846226359,480.61143,787.819935
Europe,1990,623.9167798162242,493.89790980000004,791.608634
Europe,1991,578.0348298942789,459.51531924,794.961299
Europe,1992,559.1209155254835,406.82530562,727.615967
Europe,1993,567.0234121530505,412.79598860000004,728.005193
Europe,1994,525.8479435479838,383.28212146,728.883941
Europe,1995,515.3104757505147,375.85710018000003,729.379894
Europe,1996,535.2006756589805,390.35884904,729.369126
Europe,1997,604.1610334088798,440.68981561000004,729.424427
Europe,1998,529.1613564581636,385.68634964999995,728.863408
Europe,1999,516.1021297549167,375.83433585,728.216983
Europe,2000,527.7659245625651,384.29989231,728.163518
Europe,2001,591.36201450099,430.6517236,728.237041
Europe,2002,598.1320363102258,436.11352519999997,729.125843
Europe,2003,497.5105575902702,363.36962723,730.375711
Europe,2004,642.3920875692629,469.7463419,731.245529
Europe,2005,583.9426966907695,427.47283067,732.045855
Europe,2006,551.3831755754285,403.9893064,732.683412
Europe,2007,536.7260050365741,393.90089644,733.89568
Europe,2008,687.0218412726833,505.33809367000003,735.548804
Europe,2009,633.8798364076275,467.12829556,736.935092
Europe,2010,549.3533480062379,405.50226061,738.144697
Europe,2011,631.282774139024,466.74434241,739.358591
Europe,2012,567.0097148246484,419.84701777,740.458244
Europe,2013,655.3232704266597,485.90267049,741.470191
Europe,2014,710.6750201715149,527.77573891,742.640059
Europe,2015,677.2841542970732,504.05956344,744.236463
Europe,2016,685.9324124155636,511.70732536,746.002545
Europe,2017,703.8267812228132,526.0603058500001,747.428657
Europe,2018,665.8782733247581,498.45271754000004,748.564321
Europe,2019,724.7112820437442,543.1737083300001,749.503591
Europe,2020,701.4288431993256,525.73741348,749.523517
Europe,2021,733.6728754929721,549.23704207,748.612986
Europe,2022,701.6776540043721,524.12800749,746.964086
Europe,2023,689.1719676903016,513.8482586499999,745.602379
Europe,2024,638.5831798534083,475.79768085,745.083328
Oceania,1961,589.8533575366399,9.565367,16.216517
Oceania,1962,695.4609577221482,11.517241,16.560586
Oceania,1963,723.0096637213331,12.221939,16.904254
Oceania,1964,781.3110390827477,13.480986,17.254314
Oceania,1965,575.1739185421608,10.132763,17.616868
Oceania,1966,949.7834781538281,17.082534,17.985714
Oceania,1967,569.1150731881744,10.432935,18.331855
Oceania,1968,1054.377522279888,19.685086,18.669865
Oceania,1969,792.2845771139051,15.079897,19.033435
Oceania,1970,693.2802375153472,13.514676,19.493814
Oceania,1971,779.4515766760048,15.616879,20.035727
Oceania,1972,570.8973094238454,11.699849,20.493789
Oceania,1973,855.6872242562221,17.854631,20.865838
Oceania,1974,801.4815875612784,17.013775,21.227905
Oceania,1975,856.9909971280736,18.472926,21.555566
Oceania,1976,842.3047039050085,18.397728,21.842129
Oceania,1977,694.4116739872068,15.356401,22.114261
Oceania,1978,1167.5986259473707,26.134513,22.383131
Oceania,1979,1067.8618378361198,24.19068,22.65338
Oceania,1980,749.2671579914881,17.198775,22.954129
Oceania,1981,1053.0470510389985,24.543534,23.307158
Oceania,1982,637.7081948800657,15.107501,23.690304
Oceania,1983,1328.7571186320026,31.975396,24.064139
Oceania,1984,1218.4744823179549,29.75604,24.420733
Oceania,1985,1056.0652414851193,26.166383,24.777241
Oceania,1986,1003.0925068092804,25.227275,25.1495
Oceania,1987,819.289974375038,20.928134,25.544233
Oceania,1988,874.496033609985,22.698503,25.956096
Oceania,1989,875.1810216586031,23.084368,26.376678
Oceania,1990,892.4447927265346,23.95235792,26.839036
Oceania,1991,717.6734140873099,19.60323567,27.314981
Oceania,1992,934.4644955169359,25.92794438,27.746313
Oceania,1993,982.367501010956,27.657618829999997,28.154045
Oceania,1994,572.7234152686415,16.3642801,28.572745
Oceania,1995,960.7894279159331,27.88684589,29.02493
Oceania,1996,1206.856542610454,35.60027428,29.498348
Oceania,1997,1077.703189904354,32.29260445,29.964284
Oceania,1998,1101.6168523354556,33.51092026,30.41976
Oceania,1999,1172.949340382774,36.220444560000004,30.879803
Oceania,2000,1124.6574755593024,35.26096296,31.352624
Oceania,2001,1249.8878022488536,39.8050456,31.846895
Oceania,2002,633.5130819253119,20.50408612,32.365687
Oceania,2003,1280.2063632185507,42.11140768,32.894234
Oceania,2004,1064.5648893080945,35.576426829999996,33.418749000000005
Oceania,2005,1197.411085287385,40.659115990000004,33.955854
Oceania,2006,603.199767365616,20.83454168,34.540036
Oceania,2007,714.4625106515537,25.14172284,35.189702
Oceania,2008,1009.8878256906736,36.244910420000004,35.890036
Oceania,2009,972.3586943826341,35.58171812,36.593202
Oceania,2010,1078.2806092677986,40.1700135,37.253766
Oceania,2011,1157.586542170425,43.860682049999994,37.889765
Oceania,2012,949.9167570488858,36.61945342,38.550171
Oceania,2013,1045.2700814049756,41.00970513,39.233597
Oceania,2014,937.0971908092088,37.4074533,39.918435
Oceania,2015,919.0443396093319,37.326690840000005,40.614679
Oceania,2016,1242.9041458422607,51.3902558,41.346918
Oceania,2017,828.1802247868472,34.861132659999996,42.093655
Oceania,2018,724.225092763294,31.00781105,42.815157
Oceania,2019,655.0350001927401,28.49676645,43.504189
Oceania,2020,1143.344659519525,50.397459520000005,44.078974
Oceania,2021,1256.7254662283128,55.99743975,44.558212
Oceania,2022,1345.598675674566,60.618345700000006,45.04935
Oceania,2023,968.8546942925154,44.14372007,45.562787
Oceania,2024,1160.686803468337,53.494564450000006,46.088716
World,1961,286.10507797802416,876.874515,3064.868758
World,1962,298.8348884567147,933.372941,3123.373398
World,1963,297.3389577761845,949.345879,3192.80691
World,1964,306.698792642978,1001.214043,3264.486418
World,1965,299.4701387278235,998.593005,3334.532816
World,1966,316.78243549341545,1078.340172,3404.040285
World,1967,323.6245199394099,1124.081315,3473.412074
World,1968,327.39575869792003,1160.679018,3545.186482
World,1969,323.52066279280575,1170.980071,3619.490826
World,1970,322.7631870405672,1192.507676,3694.683049
World,1971,344.7534184321846,1299.667684,3769.847127
World,1972,327.30972649257563,1258.478713,3844.916943
World,1973,346.1063194552342,1357.015148,3920.804307
World,1974,331.9348267153581,1326.549441,3996.415363
World,1975,334.0438947732958,1359.804022,4070.734545
World,1976,353.19119571793203,1463.711074,4144.245643
World,1977,345.28010313006223,1456.344192,4217.863059
World,1978,368.5889887214057,1582.019605,4292.096762
World,1979,351.94871167799477,1537.501598,4368.538787
World,1980,348.48238258527573,1549.912159,4447.605493
World,1981,360.44658086602834,1632.382028,4528.776564
World,1982,366.93257619854944,1692.53987,4612.672681
World,1983,346.3557680362355,1626.946244,4697.326836
World,1984,373.63658781451255,1786.795469,4782.174785
World,1985,374.0526349349337,1821.240859,4868.942734
World,1986,369.9063644194987,1834.022428,4958.072108
World,1987,350.8154931893097,1771.529017,5049.745668
World,1988,335.98410820029363,1727.627534,5141.991814
World,1989,357.50888527424405,1871.355594,5234.431006
World,1990,366.4876507408223,1952.57377969,5327.802385
World,1991,348.4350239345135,1888.07711726,5418.735166
World,1992,358.57851604512405,1974.32939797,5505.989092
World,1993,339.86648343649165,1900.37842277,5591.544078
World,1994,344.8874967036348,1957.4264198800001,5675.550545
World,1995,329.03461328550065,1894.87028716,5758.878278
World,1996,351.1989040021767,2051.72332471,5842.055033
World,1997,353.427314695389,2093.98160161,5924.787119
World,1998,345.19633532349644,2073.61716683,6007.065993
World,1999,342.37224269191364,2084.7065181,6089.005644
World,2000,333.4417017359497,2057.90291852,6171.702303
World,2001,336.82688271719616,2106.8305197,6254.935778
World,2002,321.4460903613381,2037.23842451,6337.729671
World,2003,326.88983952564274,2098.75076718,6420.36097
World,2004,350.1458088626369,2277.1302392199996,6503.377112
World,2005,343.69004141124856,2263.87581095,6586.969473
World,2006,335.0829811970629,2235.48981062,6671.45136
World,2007,347.6271994510173,2349.0241024499996,6757.308134
World,2008,368.08691164219846,2519.3550481999996,6844.457025
World,2009,359.0274910162633,2489.05350631,6932.765787
World,2010,351.9020284339618,2470.96156747,7021.731527
World,2011,364.01709852566273,2588.49761363,7110.923152
World,2012,353.17468257680287,2543.2821891999997,7201.201883
World,2013,379.3554757844576,2766.18160094,7291.792995
World,2014,382.7343711721414,2825.19802863,7381.615662
World,2015,379.5199261391978,2835.20030602,7470.491299
World,2016,388.4323651534976,2935.9869926,7558.553962
World,2017,384.6305653045928,2940.7381422800004,7645.617399
World,2018,375.11974855397375,2899.63898274,7729.902235
World,2019,379.7201340323066,2966.10528682,7811.293163
World,2020,383.6703905763689,3026.0086636,7887.000764
World,2021,386.59463962395876,3075.14690887,7954.447873
World,2022,380.79240391851636,3054.49073477,8021.406686
World,2023,386.35380177258054,3126.2723615100003,8091.734434
World,2024,383.8806003452589,3133.22274092,8161.972077
