region,year,urban_share_pct,agri_ha_per_capita
Africa,1961,19.050478233243336,3.5094860578528917
Africa,1962,19.43423753443331,3.4248501690525943
Africa,1963,19.831640491684983,3.344833299211457
Africa,1964,20.24089000154887,3.2633595091022674
Africa,1965,20.668485619633994,3.1849974615377867
Africa,1966,21.081726475188102,3.108612113344978
Africa,1967,21.46028277175532,3.0315755790791337
Africa,1968,21.841043089888885,2.958957466050113
Africa,1969,22.22827254779359,2.8863870326089325
Africa,1970,22.606195208853435,2.813933441396975
Africa,1971,23.012362849266278,2.7503252504955022
Africa,1972,23.4398172543249,2.6824395983718974
Africa,1973,23.85766178349435,2.611015250878696
Africa,1974,24.25742980279069,2.5408540765178342
Africa,1975,24.66319572918933,2.4738459601859613
Africa,1976,25.0776108271378,2.407991290319862
Africa,1977,25.498812767486395,2.3438549065987604
Africa,1978,25.915259536654748,2.2820355880451313
Africa,1979,26.270607902288315,2.217074193691225
Africa,1980,26.625729324067105,2.15769945915319
Africa,1981,27.008968556796788,2.0884200336520204
Africa,1982,27.381416738996585,2.0282198474481414
Africa,1983,27.796114087780637,1.9731501483619667
Africa,1984,28.251017768688147,1.9199457756586706
Africa,1985,28.71759002731229,1.8733981297377889
Africa,1986,29.19987886319855,1.828333241016123
Africa,1987,29.669864718782122,1.7813335011089428
Africa,1988,30.139129774475855,1.7403258569894688
Africa,1989,30.60763837470128,1.6987719645585861
Africa,1990,31.08404126826727,1.6573171065674916
Africa,1991,31.510094824728082,1.6181874298460834
Africa,1992,31.932702494823822,1.5851036533786051
Africa,1993,32.32444159115574,1.5275461901915952
Africa,1994,32.685697661637064,1.496909960638102
Africa,1995,33.004747247168574,1.4707478173511328
Africa,1996,33.292374957407176,1.4399962704738478
Africa,1997,33.59326062681656,1.4087233242993802
Africa,1998,33.87242080177958,1.377395836319954
Africa,1999,34.14896227797162,1.349259158442458
Africa,2000,34.43337686005358,1.320029308394024
Africa,2001,34.76960675250879,1.2908622593842636
Africa,2002,35.115396826878516,1.2616494445792232
Africa,2003,35.46521245585359,1.2377658074711866
Africa,2004,35.81659845140125,1.210411901602134
Africa,2005,36.182154906409686,1.1883981959839511
Africa,2006,36.5489486338258,1.1607399607135824
Africa,2007,36.878676192018546,1.1355157726396743
Africa,2008,37.275424249267346,1.1095459691748923
Africa,2009,37.68352275400961,1.0843828521381336
Africa,2010,38.1067672922652,1.0649389039058395
Africa,2011,38.55206825959317,1.0398910728243602
Africa,2012,38.990808994849345,1.0187964291459672
Africa,2013,39.41509735408048,0.995772586032603
Africa,2014,39.847799474946584,0.973286229676568
Africa,2015,40.286940768366144,0.953243020424732
Africa,2016,40.73532916952465,0.9320409783705244
Africa,2017,41.18563036276544,0.9127884164412653
Africa,2018,41.62977926377962,0.8934917395162475
Africa,2019,42.090898141466255,0.8709777861417067
Africa,2020,42.564367218214336,0.8518837387551668
Africa,2021,43.05238458293351,0.8339458071069119
Africa,2022,43.551511592828135,0.816890977504037
Africa,2023,44.04506984632207,0.7991878822682535
Africa,2024,44.541811967212034,0.7821988040136326
Africa,2025,45.04571567659072,
Americas,1961,60.963361715814976,2.5254418309413746
Americas,1962,61.45299353324384,2.469816123820359
Americas,1963,61.94410014046207,2.418244193931569
Americas,1964,62.43032645361259,2.369555333909896
Americas,1965,62.88493338878722,2.3209409719247605
Americas,1966,63.34555980149999,2.279778933226204
Americas,1967,63.80354939629004,2.2398859269021787
Americas,1968,64.2736878584589,2.2051480277761497
Americas,1969,64.7499203823079,2.1676483630318075
Americas,1970,65.16238328167096,2.1420436403652845
Americas,1971,65.46147039265274,2.1073088371025883
Americas,1972,65.78506819065592,2.074777578811483
Americas,1973,66.1419353546491,2.0430423484123303
Americas,1974,66.51015769608475,2.0122837805217695
Americas,1975,66.88672601549926,1.9869872499840342
Americas,1976,67.27285504742164,1.9642608352752398
Americas,1977,67.66407773500423,1.9420755017001041
Americas,1978,68.05071757824548,1.914886171328911
Americas,1979,68.43382070406376,1.8915344734365225
Americas,1980,68.8216867480341,1.8686337720559094
Americas,1981,69.24471253503665,1.8415866477180198
Americas,1982,69.65942872411199,1.8200338535319605
Americas,1983,70.05957679770017,1.7976960330590137
Americas,1984,70.46192306374644,1.7729801663385523
Americas,1985,70.87136967516292,1.7488268621013656
Americas,1986,71.28526886631268,1.721698887425071
Americas,1987,71.69491995258906,1.6893530581314204
Americas,1988,72.09457120071413,1.6629004906139235
Americas,1989,72.48307048315445,1.6377408816183392
Americas,1990,72.84861246861024,1.6123409205160013
Americas,1991,73.23537208832376,1.587076718857784
Americas,1992,73.62459393837763,1.5586357131689372
Americas,1993,74.02739493907241,1.530786802721053
Americas,1994,74.46967975264627,1.5047817295080592
Americas,1995,74.9320122415217,1.4806589863064705
Americas,1996,75.4072430205265,1.4563239824457153
Americas,1997,75.9107152182518,1.4363476202588228
Americas,1998,76.40275903314586,1.4184459262010158
Americas,1999,76.8677271553163,1.4001525881457741
Americas,2000,77.29852612135122,1.3824695607460864
Americas,2001,77.59758857190924,1.3632984624670452
Americas,2002,77.85172233541599,1.345990554358257
Americas,2003,78.09591831518863,1.3302146171616447
Americas,2004,78.33857151337371,1.3162004633945907
Americas,2005,78.59095844491765,1.3027335127537223
Americas,2006,78.8555383585078,1.287123117656125
Americas,2007,79.12399236094086,1.2737445240083958
Americas,2008,79.39071550327259,1.2556800731399969
Americas,2009,79.656045540775,1.2410619243187595
Americas,2010,79.91622038810794,1.231132050551254
Americas,2011,80.16004734206494,1.2184720147996855
Americas,2012,80.38460267394275,1.2085760022799308
Americas,2013,80.60138309341833,1.1978584244786752
Americas,2014,80.81701945626895,1.1841368917000672
Americas,2015,81.03872574988718,1.1738756150288483
Americas,2016,81.25664745969031,1.1621096923298497
Americas,2017,81.48213669873736,1.1495697644066212
Americas,2018,81.72886600580186,1.1374049518695477
Americas,2019,81.99685711272323,1.1127837455359966
Americas,2020,82.40296711411257,1.0948511439399096
Americas,2021,82.94548937483833,1.074471621219826
Americas,2022,83.40486329997472,1.0624515095114424
Americas,2023,83.74765615189251,1.0601153361319449
Americas,2024,84.07658677090791,1.0530581358466897
Americas,2025,84.41748721006665,
Asia,1961,21.33142240875217,0.6823084867477055
Asia,1962,21.73949964859502,0.6701908179381789
Asia,1963,22.038254091736555,0.6541611944524731
Asia,1964,22.343944745968663,0.6380828140168275
Asia,1965,22.406737183759915,0.6234069903843725
Asia,1966,22.524118486561523,0.6088375946671378
Asia,1967,22.70150460526925,0.5951186429665126
Asia,1968,22.885527485952945,0.5813421816593856
Asia,1969,23.063663955754507,0.5668762318178151
Asia,1970,23.24445576365807,0.5534840025668082
Asia,1971,23.442085180186456,0.5402830827976258
Asia,1972,23.688427138681618,0.5298994341901795
Asia,1973,23.975527306044665,0.5195859851174253
Asia,1974,24.312613940784566,0.5088200759600262
Asia,1975,24.581801333960577,0.49793222214970656
Asia,1976,24.89902478660754,0.48203567960155075
Asia,1977,25.208606839540412,0.4734004598155748
Asia,1978,25.648096926000562,0.46529741469156677
Asia,1979,26.21470716394261,0.45688103236457783
Asia,1980,26.79402674886011,0.4475223281375906
Asia,1981,27.384582350978974,0.4391114737211197
Asia,1982,27.930624233945682,0.4329113313792593
Asia,1983,28.429300485607367,0.4256312339667981
Asia,1984,28.94952446298023,0.4225394294962196
Asia,1985,29.474423037239312,0.4198328768641856
Asia,1986,30.002940695248892,0.41419836737419474
Asia,1987,30.526297669893864,0.40986641783991934
Asia,1988,31.051001437246672,0.4038683576182557
Asia,1989,31.56587139552411,0.3986241077521006
Asia,1990,32.06394163656907,0.3928538212964733
Asia,1991,32.57032023639476,0.3857953774718755
Asia,1992,33.36535796369464,0.46216718236098664
Asia,1993,33.85407629688007,0.45558928101875357
Asia,1994,34.35161198344508,0.45006372624030555
Asia,1995,34.85184600958422,0.44386946141351996
Asia,1996,35.34731863885917,0.43874027538526894
Asia,1997,35.83947849533152,0.4371232457621239
Asia,1998,36.33511850490799,0.4333935980602678
Asia,1999,36.83651145388898,0.4296034091088564
Asia,2000,37.34803514245695,0.4238821785536552
Asia,2001,37.971334621500255,0.41854499803491024
Asia,2002,38.6838410407107,0.4132399303649535
Asia,2003,39.40556091959222,0.4039553173668783
Asia,2004,40.1272062177213,0.3989508088272354
Asia,2005,40.84924200435735,0.38988166559407017
Asia,2006,41.547665722628686,0.3851023653121869
Asia,2007,42.23569255398396,0.37991017361808616
Asia,2008,42.92398907878599,0.3742121589312612
Asia,2009,43.60010957220044,0.36933661829979164
Asia,2010,44.27107885792467,0.3654473546422303
Asia,2011,44.88617661027638,0.3605973305962885
Asia,2012,45.477401216001404,0.35590593524844366
Asia,2013,46.071522965250125,0.35150068413118135
Asia,2014,46.67199310331791,0.3473402650423655
Asia,2015,47.28368982442313,0.34346525305662295
Asia,2016,47.89489638984809,0.3396305192540028
Asia,2017,48.50156270182775,0.3358149599946949
Asia,2018,49.11823804268915,0.33250193591760857
Asia,2019,49.73903507010618,0.32891365953821394
Asia,2020,50.371316329670734,0.32609841721338356
Asia,2021,51.041901340991615,0.32435225639035664
Asia,2022,51.70053815844944,0.32234258919554165
Asia,2023,52.32731589779424,0.31877960066025773
Asia,2024,52.94954341226987,0.31716288296108214
Asia,2025,53.557064203936065,
Europe,1961,57.15150480600187,1.207854735099476
Europe,1962,57.71291117431762,1.196538318364179
Europe,1963,58.310919333910604,1.1816502244193416
Europe,1964,58.90516312010956,1.1681036473164879
Europe,1965,59.494642612866855,1.159760616762709
Europe,1966,60.05731820006772,1.1472521813142542
Europe,1967,60.6004046925332,1.1393274286164177
Europe,1968,61.109947310860946,1.1294950705670823
Europe,1969,61.56748920883839,1.123335874304094
Europe,1970,62.07677033321899,1.1115272439035953
Europe,1971,62.56989520827263,1.1004307187601314
Europe,1972,62.995393608852844,1.0931551650584306
Europe,1973,63.42744207459061,1.0871329692245
Europe,1974,63.87215559777057,1.0807994742688474
Europe,1975,64.31167453655459,1.0693451742837439
Europe,1976,64.71916605537804,1.0646064985640151
Europe,1977,65.09431560983495,1.0592389950766774
Europe,1978,65.4673639435662,1.051727166912394
Europe,1979,65.80356833436458,1.0439829222160004
Europe,1980,66.07697369458806,1.0376680970700896
Europe,1981,66.33215639580933,1.031293547597381
Europe,1982,66.55753765765945,1.0289884074302669
Europe,1983,66.76078790801684,1.0232193713413902
Europe,1984,66.94973742238335,1.0177205727455727
Europe,1985,67.12920120151975,1.0130484421518267
Europe,1986,67.30478057748508,1.0075705398534291
Europe,1987,67.49983665434415,0.9985581296035395
Europe,1988,67.67961038345034,0.9928167964768871
Europe,1989,67.76460473801033,0.9868439416933515
Europe,1990,67.79578126733773,0.9801922145280695
Europe,1991,67.83436057558319,0.9721425445139814
Europe,1992,69.94278439192085,0.684311893336997
Europe,1993,70.13993264193653,0.6785394317922125
Europe,1994,70.26263924780311,0.6754843857919488
Europe,1995,70.38104521702103,0.6710004128520713
Europe,1996,70.50671514165518,0.6701821092712388
Europe,1997,70.58913959293551,0.6717734310260493
Europe,1998,70.71354088336946,0.670108369605516
Europe,1999,70.85346950772775,0.6682515257955746
Europe,2000,70.96278627350841,0.6654436030122564
Europe,2001,71.10049418648013,0.6615828095456627
Europe,2002,71.22903446449367,0.657192542961339
Europe,2003,71.3595080108024,0.6531808291472606
Europe,2004,71.55318579732472,0.6504619897648632
Europe,2005,71.7758558990816,0.6488298834777229
Europe,2006,72.03565555814713,0.6447671018106794
Europe,2007,72.2570199622922,0.6402544675014302
Europe,2008,72.44275201078295,0.6401373890344876
Europe,2009,72.64625837630757,0.6368306993311156
Europe,2010,72.84109093856974,0.6336698101348007
Europe,2011,73.01092711587901,0.631098367801342
Europe,2012,73.162239247079,0.6287990494707761
Europe,2013,73.30885160290956,0.6276177190243917
Europe,2014,73.4322408805044,0.6240740778568746
Europe,2015,73.51792611644721,0.6222608042250679
Europe,2016,73.59628578747007,0.619746009043441
Europe,2017,73.71396197349709,0.6185117277353737
Europe,2018,73.86288786264501,0.6163880471668913
Europe,2019,74.02664092105731,0.6173822054442966
Europe,2020,74.27172415191878,0.6144210682584893
Europe,2021,74.59847323567534,0.615006323173774
Europe,2022,74.99074339699914,0.614673153107926
Europe,2023,75.34845499735188,0.6109169750918941
Europe,2024,75.61804416055864,0.6109133339781292
Europe,2025,75.90368294364164,
Oceania,1961,67.03375330226584,30.15865456805552
Oceania,1962,67.30201455431589,29.665129090238715
Oceania,1963,67.60096008969103,29.22930335760454
Oceania,1964,67.95629197428539,28.786528377772655
Oceania,1965,68.37190924062098,28.43835325325705
Oceania,1966,68.8801734532196,27.896336414556576
Oceania,1967,69.52553355893335,27.510038945867727
Oceania,1968,70.24219510960577,28.29792933692879
Oceania,1969,70.824861618515,27.60955690341759
Oceania,1970,70.96845183810618,26.063007198078324
Oceania,1971,70.75087916700004,25.66377108252673
Oceania,1972,70.60893424832275,25.124279009606276
Oceania,1973,70.67729558716981,24.585365572185502
Oceania,1974,70.69508743326296,24.283264410689608
Oceania,1975,70.75525643817471,23.89974635785486
Oceania,1976,70.8649188913773,23.66139720171051
Oceania,1977,70.92462189896375,22.95042642392617
Oceania,1978,70.96681424953462,22.89129925567607
Oceania,1979,71.03670622220613,22.49029857796055
Oceania,1980,71.08284962587777,22.307119995709705
Oceania,1981,71.04354808080848,21.9927170013607
Oceania,1982,70.87631716334243,21.411289614519088
Oceania,1983,70.80902416662404,20.788019467473987
Oceania,1984,70.84164099415034,20.59452597102634
Oceania,1985,70.90750741779523,20.305418589583883
Oceania,1986,70.96987614067874,19.280120479532396
Oceania,1987,71.0308350225274,19.075006953624328
Oceania,1988,71.06222368726021,18.810237853181004
Oceania,1989,71.06652323692923,18.31943233715785
Oceania,1990,70.94530891496997,17.89858462874747
Oceania,1991,70.71296516735633,17.52049629834998
Oceania,1992,70.51947046081402,17.35883058048109
Oceania,1993,70.36106889791502,16.892836524911427
Oceania,1994,70.15353267598195,16.956541088369356
Oceania,1995,69.8428798966957,16.489330272286615
Oceania,1996,69.46692743607201,16.282526133327874
Oceania,1997,69.08612600254357,15.92413801377667
Oceania,1998,68.73006887628304,15.735961542760364
Oceania,1999,68.37942262779332,15.167057905129772
Oceania,2000,68.0304525707322,14.989966048774738
Oceania,2001,67.68782325561095,14.759731129204276
Oceania,2002,67.47545324775587,14.249771500292887
Oceania,2003,67.29916860201092,13.787595722703257
Oceania,2004,67.21412581901255,12.23782652965256
Oceania,2005,67.20025359986528,12.490799551087715
Oceania,2006,67.19882978697532,12.24310132160835
Oceania,2007,67.14980138223393,11.710633400646586
Oceania,2008,67.0633682284409,11.226894275057289
Oceania,2009,66.9811895663025,10.877166502127908
Oceania,2010,66.94851468171031,10.470093112197032
Oceania,2011,66.91941478127404,10.815107998162565
Oceania,2012,66.8198566486255,10.390881329683335
Oceania,2013,66.65944496498753,9.817350275071643
Oceania,2014,66.4959886328209,9.716077844735146
Oceania,2015,66.32476400958383,8.892483318654323
Oceania,2016,66.10774229895442,8.599151581261752
Oceania,2017,65.87937540705363,9.143468508496115
Oceania,2018,65.69876410823392,8.68342092030633
Oceania,2019,65.56962595027343,8.6244832652782
Oceania,2020,65.60765910749193,8.355566080099777
Oceania,2021,65.77802762821811,8.439914958885693
Oceania,2022,65.921839049842,8.338348500033852
Oceania,2023,66.02730864554006,8.243641900132229
Oceania,2024,66.11350813071034,8.149250892561207
Oceania,2025,66.20876357691125,
World,1961,34.43656911066989,1.4743033248016162
World,1962,34.846192379589446,1.4487038190494315
World,1963,35.15909266182339,1.4189045556782511
World,1964,35.46693742133376,1.389317515610506
World,1965,35.641251401017854,1.3629659028072976
World,1966,35.8395591666742,1.336255560794575
World,1967,36.061559593691904,1.3117985522382336
World,1968,36.27265980306195,1.2938129470166473
World,1969,36.46461719198732,1.2678192681237646
World,1970,36.653089806080416,1.2391884525085821
World,1971,36.840594650457824,1.217171549778867
World,1972,37.05502100881142,1.1960659926276072
World,1973,37.29281686896494,1.1743723836916302
World,1974,37.562027933781614,1.1540248775687634
World,1975,37.797232342007206,1.133461685844219
World,1976,38.06183988307568,1.112481075485322
World,1977,38.32318132166272,1.0932368394845982
World,1978,38.659569180514204,1.0770272704303958
World,1979,39.05245486378235,1.058920871611801
World,1980,39.441470961417394,1.0421244234217426
World,1981,39.83890963714146,1.0236461292551415
World,1982,40.19652720292381,1.0073884819836407
World,1983,40.52991206422409,0.989934405748044
World,1984,40.8832073460067,0.9769026353142799
World,1985,41.23973463434865,0.9644493592435832
World,1986,41.60093578856841,0.94601213290785
World,1987,41.96018354800042,0.9308859651661966
World,1988,42.32069236429166,0.9165201035849023
World,1989,42.662526250517935,0.9015376178596631
World,1990,42.986355921307315,0.886622479335821
World,1991,43.32122283312932,0.8714494241440844
World,1992,43.6676727255674,0.8637096587985758
World,1993,44.016885026154306,0.8466658035705464
World,1994,44.37021732135768,0.8368215369316211
World,1995,44.72234193313158,0.8245979721678014
World,1996,45.068756937880764,0.8142043669789579
World,1997,45.41620630336102,0.8058874258432238
World,1998,45.766329206365356,0.7969948966065904
World,1999,46.11970852362705,0.786460198919139
World,2000,46.475143682898405,0.7764911874752167
World,2001,46.892224222609755,0.7661516760660176
World,2002,47.36409375009457,0.7546451108327811
World,2003,47.843789645989325,0.7419347949839649
World,2004,48.32942697111119,0.7260546664727998
World,2005,48.82223723947718,0.7178793205863093
World,2006,49.30630605691773,0.7083674428527947
World,2007,49.77735946472084,0.6977724422948447
World,2008,50.25554423727279,0.6868604336075878
World,2009,50.727665855878136,0.6772416902939578
World,2010,51.19632005548765,0.6692518208550413
World,2011,51.630762891417056,0.663413082825002
World,2012,52.04468152528255,0.6545286073880231
World,2013,52.45610142282982,0.6447118634914019
World,2014,52.872326502875026,0.6369785037989967
World,2015,53.29632956714592,0.6264930300670444
World,2016,53.722612862388665,0.6184214366266372
World,2017,54.15113493047025,0.61526635123218
World,2018,54.590823916157845,0.6068295338537357
World,2019,55.04131682530221,0.5984852587717427
World,2020,55.52166248021426,0.5902812348199742
World,2021,56.049360360174425,0.5847939786983126
World,2022,56.56952071660614,0.5792714534858082
World,2023,57.055381372888,0.5736805610543595
World,2024,57.53208414216926,0.5690888533040983
World,2025,58.0037782752455,
