area,region,score,n_indicators,pou_pct,stunting_pct,cereal_import_dep_pct,unaffordable_pct,agrifood_t_per_cap,obesity_pct,cereal_yield_t_ha,des_adequacy_pct
Republic of Korea,Asia,0.8316555327431177,8,2.5,1.8,78.5,5.3,1.8884195419718344,8.4,6.5443999999999996,138.0
Bulgaria,Europe,0.8164652804384224,8,2.6,5.5,-1015.6,20.7,2.1985061956622345,20.3,5.1032,123.0
Serbia,Europe,0.8017798070689799,8,3.0,4.6,-41.6,8.5,2.260246580604946,21.8,5.1716999999999995,157.0
"China, mainland",Asia,0.7519192781386971,6,2.9,,9.2,11.3,1.592766569741253,,6.4947,142.0
Mauritius,Africa,0.719491191741352,8,4.9,7.8,90.9,17.8,1.4211931959157906,21.1,11.8902,135.0
United Arab Emirates,Asia,0.7081086629137245,6,2.5,,100.0,1.9,1.9807042626343474,31.6,22.4743,
Viet Nam,Asia,0.6470833969996128,8,6.1,19.2,15.4,7.0,1.4435749226085663,2.4,6.0378,131.0
Montenegro,Europe,0.6008854948022966,8,3.0,8.0,96.1,7.5,1.730495681491022,17.1,2.6995999999999998,149.0
Bosnia and Herzegovina,Europe,0.597085445445295,8,2.8,7.9,36.6,12.7,1.690114889046499,21.0,5.3617,140.0
Russian Federation,Europe,0.5604161746341892,7,2.7,,-32.1,12.4,2.9100640839381056,17.6,3.042,145.0
Croatia,Europe,0.5541936719987475,7,2.7,,-50.8,12.0,2.0021826103182656,30.8,6.5705,141.0
Latvia,Europe,0.5473848338525107,8,2.5,1.7,-140.7,16.9,5.273203087979363,22.3,3.9738,138.0
Uzbekistan,Asia,0.54658792082671,8,2.6,6.7,28.0,6.2,1.9714234369181216,31.2,5.4962,142.0
Kazakhstan,Asia,0.5216546202414658,8,2.5,4.4,-59.4,3.4,2.5642081270218786,21.1,1.5295,134.0
North Macedonia,Europe,0.5097903703006584,8,2.6,3.8,25.5,15.6,1.8361204431483313,26.8,3.5654,141.0
Azerbaijan,Asia,0.4992491543333334,8,3.1,6.8,34.1,0.7,1.6163442640761134,27.6,3.427,137.0
"China, Taiwan Province of",Asia,0.481753245035997,6,3.6,,78.3,3.8,1.7115971445046123,,6.425800000000001,120.0
Albania,Europe,0.4709406129184921,8,5.6,7.4,36.4,11.9,1.3800894490967064,24.1,5.1528,131.0
Saint Vincent and the Grenadines,Americas,0.45827835821158414,6,4.0,,98.5,,0.956582414654126,34.6,13.3438,124.0
Tunisia,Africa,0.4451289016791638,8,2.8,8.9,87.0,8.6,1.3848328800843184,26.1,1.8911,145.0
Estonia,Europe,0.44441822040946016,8,2.9,1.3,-119.5,10.2,7.428794920406439,20.3,3.7329,131.0
Dominican Republic,Americas,0.43801098166867286,8,2.8,5.6,63.0,16.2,1.9480231112766317,30.8,4.4554,140.0
Oman,Asia,0.4133293776508441,7,7.1,12.9,88.6,,2.3923935722180776,30.5,27.671799999999998,122.0
Hungary,Europe,0.40349189480589154,7,2.5,,-61.4,29.8,2.6718141699400495,31.4,5.6297,142.0
Belarus,Europe,0.4032737388902636,8,2.6,1.1,3.9,0.6,9.472056851491057,20.6,3.3948,140.0
Türkiye,Asia,0.39605262789784107,7,3.1,5.5,35.0,4.0,1.8080438784234778,28.8,3.4286999999999996,
Sri Lanka,Asia,0.3787950409306797,8,4.9,10.1,26.4,34.9,0.6445310271366618,11.2,4.0675,119.0
Nepal,Asia,0.3781087335086961,8,5.2,26.0,17.3,17.9,1.0423128921628684,8.0,3.521,129.0
Paraguay,Americas,0.3744612360905628,8,4.1,3.2,-1894.1,22.3,10.433414760585176,34.7,3.6173,131.0
Algeria,Africa,0.33668346776536706,8,2.6,8.9,83.9,38.8,1.4033783415679577,23.6,1.5366,147.0
Republic of Moldova,Europe,0.3356805589074963,8,2.7,4.2,100.0,11.4,1.9027637452030763,22.3,2.4061999999999997,123.0
Morocco,Africa,0.33216078886234446,8,6.5,13.7,64.6,12.4,1.2404298309009174,21.6,1.2401,139.0
Cyprus,Asia,0.29383840677211753,6,3.0,,98.5,1.5,1.20901242847456,21.6,1.4395,
Ukraine,Europe,0.2765307201612693,7,10.8,11.7,-298.4,,2.147976953017791,22.8,5.1476999999999995,108.0
Guyana,Americas,0.2758532885570829,8,2.9,7.1,-105.7,9.3,17.527562554985582,30.1,6.562600000000001,145.0
Kyrgyzstan,Asia,0.26562660608211736,8,4.8,11.0,27.4,22.1,1.1058856868352316,22.0,3.4894000000000003,118.0
Saudi Arabia,Asia,0.2495077033110546,7,2.7,11.1,89.3,,2.2576374028943706,40.1,5.1052,147.0
Bangladesh,Asia,0.24190529123226961,8,8.2,25.1,16.0,38.6,0.8387907579178943,5.8,5.408,115.0
Philippines,Asia,0.2402289223523772,8,3.4,27.7,30.7,45.0,0.9452372344029588,9.6,3.8333000000000004,129.0
Mexico,Americas,0.23352995674763813,8,3.1,13.1,37.6,20.0,1.8738236757476943,37.4,3.7517,137.0
Myanmar,Asia,0.23336714805018435,7,4.6,24.5,-12.4,,2.949549566058528,8.1,3.7791,123.0
Chile,Americas,0.22858378796147194,8,2.6,1.7,61.3,36.8,1.8093246522492306,40.5,6.6061000000000005,124.0
Argentina,Americas,0.22275035959388031,7,2.8,10.7,-128.2,,5.374832298130099,37.2,4.8542,138.0
Armenia,Asia,0.21340124445309755,8,3.1,6.2,75.0,44.0,1.052021391638833,25.0,1.9610999999999998,130.0
Cuba,Americas,0.21173506702472608,6,3.5,7.3,76.6,,1.1857465713714541,23.0,1.9456,
Colombia,Americas,0.2090121550137807,8,4.1,11.6,65.3,35.9,3.2570484132306565,24.9,4.4222,131.0
Ghana,Africa,0.20898962899692275,8,6.4,15.6,32.1,65.8,0.5540970892728092,14.5,2.6321999999999997,136.0
Cambodia,Asia,0.18008638628585497,6,4.7,22.0,-3.2,,5.98100881663556,4.9,3.778,
Senegal,Africa,0.1727818197081944,8,5.3,17.2,45.6,45.5,1.168570659346805,11.6,2.0035,123.0
Tajikistan,Asia,0.17229255293577106,7,8.0,13.1,48.4,,0.9441936845938983,23.1,4.1239,121.0
Brazil,Americas,0.17113805857496933,8,2.7,8.9,-30.9,21.1,9.755391181774312,30.1,5.0026,138.0
Iran (Islamic Republic of),Asia,0.16646364812804812,8,6.7,4.8,40.6,37.4,1.74163578562047,24.6,2.7248,120.0
Egypt,Africa,0.1595801395422469,8,8.4,12.9,42.8,38.5,0.7659949347527862,43.9,7.360399999999999,134.0
Turkmenistan,Asia,0.1593839432748523,7,4.1,6.5,22.4,,3.1580061370602888,22.2,1.7117,123.0
Malaysia,Asia,0.13752963130758297,8,2.7,24.3,78.1,1.4,4.075727054983136,23.3,3.5436,123.0
Thailand,Asia,0.13599983366811028,7,5.4,12.3,-18.5,,3.4493867174803756,16.4,3.0848,114.0
El Salvador,Americas,0.12826231944276273,7,5.3,9.4,54.1,,0.8627315034937106,32.2,2.8192,126.0
Georgia,Asia,0.12161479352469444,7,2.7,4.7,66.1,,1.4525417518933725,35.7,2.816,124.0
Venezuela (Bolivarian Republic of),Americas,0.11605982954115075,7,5.3,11.7,49.3,,3.076541707893338,23.0,4.3145,118.0
Côte d'Ivoire,Africa,0.10855627902243942,8,11.4,20.3,52.1,46.6,1.6927069683825664,12.8,2.5416,130.0
Uruguay,Americas,0.0979276448183852,8,2.6,6.5,-60.5,32.0,9.267483982820954,34.9,5.0577,134.0
Indonesia,Asia,0.09637196232106063,8,6.3,22.6,15.7,68.6,2.9351073140858848,11.8,5.421399999999999,126.0
India,Asia,0.08957094566669091,8,9.8,32.9,-12.4,35.5,0.9826588816220267,8.0,3.6325,116.0
Guinea,Africa,0.07849657575927108,8,8.7,26.6,28.5,50.3,3.206287737406379,10.6,1.351,140.0
Costa Rica,Americas,0.061353332181296315,8,2.6,10.6,92.5,41.8,2.0217158862212994,32.7,3.807,123.0
Cabo Verde,Africa,0.04991746098969915,8,8.1,5.3,100.0,49.3,0.6279518159940728,16.7,0.040299999999999996,116.0
Peru,Americas,0.04848517760972297,8,5.7,10.6,52.0,34.8,5.189497541143953,29.2,4.850899999999999,123.0
Barbados,Americas,0.014439783467092468,7,5.0,5.8,100.0,,1.7430720843250596,39.4,2.7931999999999997,126.0
Jordan,Asia,0.005215732965866887,8,12.2,7.7,100.0,2.2,0.8129301202801277,35.4,1.6114000000000002,111.0
Panama,Americas,0.00465281701708925,8,4.7,14.0,61.9,51.4,2.6243840270353256,37.7,4.2264,134.0
Burkina Faso,Africa,-0.008237705319976918,8,11.7,19.5,20.5,65.5,1.99352312816732,7.7,1.1979000000000002,124.0
Ecuador,Americas,-0.022904263809188058,8,10.8,17.7,39.6,25.7,1.9079728664211395,28.9,4.0066999999999995,113.0
Dominica,Americas,-0.03170433464469145,6,3.0,,100.0,,1.5731078033378438,32.5,1.6898,129.0
Jamaica,Americas,-0.032302170619874865,8,8.0,6.9,99.3,26.4,1.1307533736697062,35.2,1.3422,116.0
Togo,Africa,-0.04492617094827957,8,10.2,23.0,13.6,53.7,0.7728651300789776,13.4,1.1977,117.0
Cameroon,Africa,-0.05951085896477066,8,4.9,27.2,34.6,55.3,2.8316051771903026,16.0,1.7704000000000002,126.0
Lebanon,Asia,-0.06388820614366486,8,11.1,10.1,86.6,46.4,1.0965427688229639,30.7,2.661,119.0
Iraq,Asia,-0.07414210893805787,8,13.4,9.4,63.0,28.0,0.714581421340692,39.7,2.651,118.0
Mali,Africa,-0.07754358323354066,8,12.1,23.2,6.5,60.8,2.777653798559787,13.3,1.6562999999999999,126.0
Fiji,Oceania,-0.08674067413031267,8,7.2,7.2,92.6,58.0,1.135587705392552,39.0,3.0653,124.0
Benin,Africa,-0.09202613467937801,8,11.1,33.2,39.7,53.5,1.2082187740458992,12.2,1.356,127.0
Djibouti,Africa,-0.09712021543026125,8,14.7,20.9,100.0,49.8,0.9269073779819316,11.7,2.041,113.0
Mauritania,Africa,-0.11200894017936057,8,11.0,21.5,55.3,50.9,2.500916586177916,24.1,1.5374,130.0
Gambia,Africa,-0.12607692932086226,8,17.5,14.0,89.6,43.7,0.7991313437206363,12.4,1.005,105.0
Vanuatu,Oceania,-0.1269526300796859,7,5.8,31.0,98.2,,3.1188377979395088,22.6,0.6362000000000001,137.0
Lao People's Democratic Republic,Asia,-0.142628543928239,8,10.0,29.9,-0.3,49.7,4.7844082310316525,9.2,4.1964,109.0
Comoros,Africa,-0.1469176773489158,8,16.5,17.4,78.2,48.6,0.2878838693441927,16.8,1.7177,108.0
Mongolia,Asia,-0.15857309833441777,8,2.5,7.1,39.3,29.8,17.464063944157402,25.1,1.2506,131.0
Honduras,Americas,-0.21600804258450435,8,14.3,17.9,65.7,34.2,1.787566786984618,31.8,1.8868,114.0
Ethiopia,Africa,-0.22955522650476562,8,19.9,35.5,8.6,67.9,1.2498630929493102,2.9,2.6315999999999997,113.0
South Africa,Africa,-0.23286040085801207,8,11.2,24.4,0.7,57.9,1.3036126069853655,31.8,4.562,111.0
Sao Tome and Principe,Africa,-0.2339362710546847,8,23.0,10.0,85.7,51.1,0.317010798237977,17.9,2.004,99.0
Nicaragua,Americas,-0.23556128049357247,7,17.3,,50.5,27.1,3.258432123861655,33.7,2.5153000000000003,120.0
Gabon,Africa,-0.24701047348227778,8,23.3,13.7,90.6,39.3,2.5157790862725165,22.7,1.5873,114.0
Uganda,Africa,-0.27640158249702385,8,20.9,23.5,15.3,73.6,1.233283296956974,9.5,1.9198,109.0
Zimbabwe,Africa,-0.28317254682812665,7,18.4,23.7,41.5,,2.197207668010826,14.7,1.0697999999999999,107.0
Rwanda,Africa,-0.2939108506659428,8,22.6,29.8,35.3,69.7,0.5845178581115686,5.6,1.784,109.0
Sudan,Africa,-0.2972069854565758,6,10.9,35.4,,,1.9261839452559708,17.8,0.5802999999999999,118.0
Libya,Africa,-0.3132375987024982,7,18.7,9.2,100.0,,1.8629256032891761,33.7,0.6597000000000001,116.0
Sierra Leone,Africa,-0.3170897788551269,8,25.3,25.2,28.2,61.9,1.0032538810889933,8.2,1.3702999999999999,106.0
Guinea-Bissau,Africa,-0.3253010985093855,8,20.0,28.3,50.7,66.4,1.36987882539628,12.7,1.3334000000000001,114.0
United Republic of Tanzania,Africa,-0.3305519708914729,8,19.1,29.9,1.8,73.0,2.443926737625486,11.5,1.8720999999999999,115.0
Pakistan,Asia,-0.3337171197866104,8,16.1,33.6,-9.9,63.0,1.1871383228817725,24.5,3.6206,113.0
Namibia,Africa,-0.3388420258742282,8,20.1,16.4,78.7,47.9,3.1406224235132525,18.3,0.1844,109.0
Belize,Americas,-0.3424950536485396,8,4.4,11.7,13.2,17.8,13.493744922234168,43.4,3.698,122.0
Timor-Leste,Asia,-0.367629887342689,7,16.9,45.4,47.7,,1.341925006826624,3.6,2.1121999999999996,101.0
Guatemala,Americas,-0.37657408547729176,8,12.7,44.6,54.7,47.3,1.8865346824065408,28.0,2.2375,127.0
Suriname,Americas,-0.37706721338916094,8,12.7,8.0,-4.3,23.7,22.26980024996581,30.8,4.4474,106.0
Bolivia (Plurinational State of),Americas,-0.387222379190865,8,19.5,10.7,11.0,10.5,9.393527289216026,29.7,2.209,102.0
Eswatini,Africa,-0.4280786012554908,8,15.1,18.9,67.5,68.1,1.833557414592046,29.6,1.0831,111.0
Niger,Africa,-0.4294008783067401,8,12.9,48.3,24.3,85.8,1.6022081113791593,6.8,0.5774,123.0
Malawi,Africa,-0.4350545348541214,8,24.5,33.2,1.9,92.7,0.9812442920892349,8.0,1.8775,114.0
Trinidad and Tobago,Americas,-0.4490912893424013,8,10.4,7.8,100.0,32.0,13.991262146258116,30.9,0.9757,122.0
Congo,Africa,-0.4568531560109804,8,25.0,16.3,88.7,77.3,1.177788022905165,12.2,0.8737,99.0
Nigeria,Africa,-0.47535807425522614,8,22.2,33.8,16.3,80.5,0.775898477176517,13.7,1.558,109.0
Botswana,Africa,-0.49645884681449776,8,18.2,21.0,82.7,59.9,6.746048211385655,19.8,0.9004,115.0
Democratic People's Republic of Korea,Asia,-0.5282368931452625,7,47.0,16.6,19.0,,0.38342799911757813,12.0,3.6098000000000003,84.0
Kenya,Africa,-0.5529805799457744,8,34.9,17.9,49.5,76.3,1.1232803963468658,11.3,1.6930999999999998,94.0
Afghanistan,Asia,-0.5689928125334773,7,27.8,42.0,46.1,,0.546407128001534,20.6,2.3586,108.0
Solomon Islands,Oceania,-0.5783437322438171,7,27.0,29.8,100.0,,0.9618964881469491,21.8,1.8662999999999998,100.0
Angola,Africa,-0.5875261889329534,8,17.4,47.7,35.7,72.9,2.281792579278979,12.7,1.1065999999999998,111.0
Mozambique,Africa,-0.6776884851907073,8,22.3,37.0,47.3,91.3,2.049825156175859,10.6,0.7764,102.0
South Sudan,Africa,-0.6881117686385575,7,19.1,30.0,,93.9,5.281538074088678,8.9,0.945,108.0
Chad,Africa,-0.7631256824709389,8,33.6,31.5,8.9,66.6,6.1783084315057915,7.4,0.8269,96.0
Liberia,Africa,-0.811612077200303,8,37.3,26.9,72.3,59.6,4.415295635506153,17.8,1.1117000000000001,95.0
Syrian Arab Republic,Asia,-0.83407859660605,8,40.8,23.5,49.8,61.1,0.7422963104771796,33.0,1.6068,94.0
Zambia,Africa,-0.8424648199408864,8,41.0,32.3,-9.7,86.2,3.1341029190118785,11.6,2.3183000000000002,93.0
Madagascar,Africa,-0.8459742886390591,8,41.8,38.4,19.9,85.3,2.1477260913378067,4.5,2.3933,89.0
Haiti,Americas,-0.8910419756910022,8,51.4,21.6,82.9,88.9,1.0369344762463224,11.1,1.0644,84.0
Papua New Guinea,Oceania,-0.8998365498857834,7,30.5,47.6,95.2,,2.707084714718082,28.0,4.7871999999999995,96.0
Democratic Republic of the Congo,Africa,-0.9166563535776531,8,39.5,44.1,24.8,90.1,2.058353131647532,6.7,0.8717999999999999,97.0
Somalia,Africa,-1.0214003757814079,6,56.5,23.9,,,1.7351465946641398,14.9,0.36210000000000003,80.0
Central African Republic,Africa,-1.0412473987278532,7,29.8,38.9,19.6,87.6,10.977559772386613,10.9,0.7884,
