area_code,area,region,cluster,cluster_name,pc1,pc2,cereal_yield_t_ha,n_kg_per_ha,cereal_kg_per_cap,cereal_import_dep_pct,pou_pct,obesity_pct,agrifood_t_per_cap,urban_share,log_gdp_cap,forest_share,cropland_share,unaffordable_pct
1,Armenia,Asia,1,low diet unaffordable · high urban share,-0.23211792632419045,0.83050627140558,1.9610999999999998,31.21,72.34192155596804,75.0,3.1,25.0,1.052021391638833,0.6314179646517634,9.907429771768753,0.1184706057575693,0.17851443647737184,46.6
2,Afghanistan,Asia,0,high diet unaffordable · low log gdp per head,-2.4714443199297422,0.4787759589540191,2.3586,12.55,145.74470334621319,46.1,27.8,20.6,0.546407128001534,0.2654440031315323,7.592870287844818,0.018543151955598487,0.12391334345246309,
3,Albania,Europe,1,low diet unaffordable · high urban share,0.7289111528479231,0.4434888787035187,5.1528,37.09,232.79874917838714,36.4,5.6,24.1,1.3800894490967064,0.6902511493625001,9.982344942613622,0.3434306569343066,0.2471897810218978,12.6
4,Algeria,Africa,1,low diet unaffordable · high urban share,-0.13616434906232802,0.9460941500976713,1.5366,8.25,87.97097481393936,83.9,2.6,23.6,1.4033783415679577,0.740303071445593,9.648724326841457,0.007104175938599511,0.03574361601182329,41.8
7,Angola,Africa,0,high diet unaffordable · low log gdp per head,-1.7550130065878822,-0.04323002388075774,1.1065999999999998,7.16,92.41907182811187,35.7,17.4,12.7,2.281792579278979,0.6813009522368101,9.0940312495758,0.5115293173979305,0.03949923798828908,72.2
8,Antigua and Barbuda,Americas,1,low diet unaffordable · high urban share,-0.317205940416658,0.8210899565765775,1.9633,3.58,0.5371539478735656,100.0,,34.6,1.821860131167217,0.2832295354690099,10.2877971185715,0.17851545998392,0.1203730200909384,
9,Argentina,Americas,3,high cereal per head · high agrifood co2e per head,2.5832938990735586,-2.2806592011151743,4.8542,28.34,1876.0295741705556,-128.2,2.8,37.2,5.374832298130099,0.9541428854009371,10.195111844220532,0.1709273611552642,0.17881431583409155,
10,Australia,Oceania,3,high cereal per head · high agrifood co2e per head,3.284748678492939,-3.4362290350559124,2.6896999999999998,78.27,1959.7216698632756,-241.6,,30.6,10.731265635441428,0.8629571404853892,11.007153715506917,0.17365051538788812,0.04116651732694162,3.2
11,Austria,Europe,1,low diet unaffordable · high urban share,1.388166486471843,-0.08645931631038778,6.7218,65.4,535.0849754292736,20.4,,16.5,1.9914037226509287,0.5811244019584658,11.063320363867863,0.47274478914202617,0.1677951526902569,2.9
12,Bahamas,Americas,1,low diet unaffordable · high urban share,1.9599891383703605,1.5856217202969936,7.737,42.18,1.5074398865638465,98.4,,48.3,1.9260785099138795,0.8795214349972463,10.498029129341951,0.5093506493506493,0.01098901098901099,
14,Barbados,Americas,1,low diet unaffordable · high urban share,-0.05900570179192691,0.9745987655520186,2.7931999999999997,14.5,0.0038942602144675306,100.0,5.0,39.4,1.7430720843250596,0.32306782739222634,9.99140685057401,0.14617169373549882,0.18561484918793503,
16,Bangladesh,Asia,0,high diet unaffordable · low log gdp per head,-0.7465332904883072,0.008207577366432375,5.408,171.82,382.27095621951776,16.0,8.2,5.8,0.8387907579178943,0.41959055132482526,9.046290859969677,0.14399708074057002,0.6759622032726434,40.4
18,Bhutan,Asia,1,low diet unaffordable · high urban share,-0.009326995148843149,-0.37391277516771576,3.5523000000000002,5.62,92.69265366558689,74.2,,13.1,5.512406009778926,0.4945257503246901,9.589461504744746,0.7035186156266386,0.029889879391714735,4.1
19,Bolivia (Plurinational State of),Americas,1,low diet unaffordable · high urban share,0.3467050171601755,-0.9393520298970773,2.209,3.96,301.0583160098652,11.0,19.5,29.7,9.393527289216026,0.7030149480618191,9.335121088873489,0.5019493289370403,0.05799299315520174,9.5
20,Botswana,Africa,1,low diet unaffordable · high urban share,-0.5272125582054903,0.2064442496079689,0.9004,67.1,21.638537184978695,82.7,18.2,19.8,6.746048211385655,0.750760271448738,9.801953041711831,0.2775607432110529,0.004614190178744729,59.0
21,Brazil,Americas,3,high cereal per head · high agrifood co2e per head,2.276998509531105,-1.1079957972889025,5.0026,98.94,655.5746887503814,-30.9,2.7,30.1,9.755391181774312,0.9099814223749515,9.885934393288538,0.5854684056500609,0.07624890226772943,21.4
23,Belize,Americas,1,low diet unaffordable · high urban share,1.5457448205213942,-1.19393424346678,3.698,69.68,349.46244293551234,13.2,4.4,43.4,13.493744922234168,0.4816002992289101,9.44311737225863,0.5798246383165278,0.05962297238053485,17.7
25,Solomon Islands,Oceania,0,high diet unaffordable · low log gdp per head,-2.4816136476756574,0.009000371318444169,1.8662999999999998,0.1,3.364278233101155,100.0,27.0,21.8,0.9618964881469491,0.22511407498553462,7.763446388727362,0.8984137191854233,0.03725259021078957,
26,Brunei Darussalam,Asia,1,low diet unaffordable · high urban share,1.2874292927156514,0.5750046189337032,2.4175,20.42,7.80610778417232,83.5,,37.1,3.216403347648649,0.7968905668858772,11.278114108788337,0.7210626185958254,0.022580645161290325,
27,Bulgaria,Europe,3,high cereal per head · high agrifood co2e per head,2.2965091421799735,-4.710688644242206,5.1032,87.99,1486.4075573764937,-1015.6,2.6,20.3,2.1985061956622345,0.7688967337798469,10.440623991091917,0.36352247605011057,0.33428518791451733,23.1
28,Myanmar,Asia,0,high diet unaffordable · low log gdp per head,-0.9956857349273566,-0.9829828519896167,3.7791,13.6,552.8215006099715,-12.4,4.6,8.1,2.949549566058528,0.33711184078573375,8.570923513837204,0.4195846292919852,0.19205952165719278,
29,Burundi,Africa,0,high diet unaffordable · low log gdp per head,-4.1408469922383535,-0.28448123714114926,1.1634,4.83,56.204032436143315,,,5.2,0.6381837400333834,0.14490383039718857,6.957497370876951,0.10889408099688473,0.5558216510903426,91.1
32,Cameroon,Africa,0,high diet unaffordable · low log gdp per head,-1.2983928691650075,-0.14390484316920613,1.7704000000000002,6.53,132.06401312963058,34.6,4.9,16.0,2.8316051771903026,0.5890158902646583,8.50045386741194,0.40744177191089676,0.16853927355037973,55.0
33,Canada,Americas,3,high cereal per head · high agrifood co2e per head,2.743138080746406,-2.3930010718010157,4.0213,75.58,1601.8246745355027,-116.9,,26.0,7.483755238191812,0.801752711145242,10.945652938885804,0.4196623732747733,0.04350586548636317,3.0
35,Cabo Verde,Africa,0,high diet unaffordable · low log gdp per head,-1.17680221418722,0.7600072387586473,0.040299999999999996,2.39,0.009526041339208995,100.0,8.1,16.7,0.6279518159940728,0.7755397931324863,9.195125206169703,0.12516129032258064,0.18585607940446652,51.0
37,Central African Republic,Africa,0,high diet unaffordable · low log gdp per head,-3.360274413645879,-1.5910580438513804,0.7884,0.01,53.06396545287758,19.6,29.8,10.9,10.977559772386613,0.44429689214717044,7.01301578963963,0.7246041606472118,0.045422645991845645,87.5
38,Sri Lanka,Asia,0,high diet unaffordable · low log gdp per head,-1.1885960784162037,-0.10121543541158891,4.0675,54.57,213.42174739793393,26.4,4.9,11.2,0.6445310271366618,0.17906397471835944,9.529012261114708,0.3436194633042354,0.41659230520530227,36.3
39,Chad,Africa,0,high diet unaffordable · low log gdp per head,-3.5287029657052544,-0.6261017847669358,0.8269,2.86,133.4617264006923,8.9,33.6,7.4,6.1783084315057915,0.22211959600422146,7.7886260656250315,0.029695282719186786,0.04238786531130877,66.7
40,Chile,Americas,1,low diet unaffordable · high urban share,1.8467239545961998,1.480559887627373,6.6061000000000005,100.98,129.31587216467116,61.3,2.6,40.5,1.8093246522492306,0.8462021644470354,10.31503413096016,0.24482475809196252,0.025725306340570388,38.1
41,"China, mainland",Asia,1,low diet unaffordable · high urban share,1.6936732904600726,0.6694478432376653,6.4947,191.83,458.9205794884166,9.2,2.9,,1.592766569741253,0.6636028689199994,,0.24023961969321095,0.13698884025815358,12.9
44,Colombia,Americas,1,low diet unaffordable · high urban share,0.8961899657092652,0.6510780192545249,4.4222,91.61,82.10950996951709,65.3,4.1,24.9,3.2570484132306565,0.8057345331158431,9.824281994355154,0.5370900405588103,0.048823794502027944,36.6
45,Comoros,Africa,0,high diet unaffordable · low log gdp per head,-2.7927083656336475,0.07858409457021286,1.7177,2.29,23.204742980840685,78.2,16.5,16.8,0.2878838693441927,0.3318309586119996,8.155649270366002,0.17794298550569612,0.7088837781462266,48.5
46,Congo,Africa,0,high diet unaffordable · low log gdp per head,-2.4129785333060294,0.24430986436899654,0.8737,5.23,4.772044230179216,88.7,25.0,12.2,1.177788022905165,0.6921459014195729,8.729235349659273,0.6395256222547584,0.019107174231332357,78.1
48,Costa Rica,Americas,1,low diet unaffordable · high urban share,1.503634343570135,1.2778575743700726,3.807,194.91,14.085188629040276,92.5,2.6,32.7,2.0217158862212994,0.844553218282582,10.202591644652882,0.5906091772151899,0.10766368670886077,47.5
49,Cuba,Americas,1,low diet unaffordable · high urban share,-0.04755531759579562,0.5099228565016383,1.9456,1.45,28.047849397387907,76.6,3.5,23.0,1.1857465713714541,0.8141609902490787,,0.34876589595375723,0.343121387283237,
50,Cyprus,Asia,1,low diet unaffordable · high urban share,0.865929453799932,0.9745650530044606,1.4395,64.81,21.269515461443206,98.5,3.0,21.6,1.20901242847456,0.6122226459601172,10.87115557527003,0.1860064935064935,0.13343246753246754,1.7
52,Azerbaijan,Asia,1,low diet unaffordable · high urban share,0.7040588313581443,0.2717010905586836,3.427,16.48,319.76550554405003,34.1,3.1,27.6,1.6163442640761134,0.5826011841250736,10.002065115897121,0.1455741076830006,0.2864851784633999,0.7
53,Benin,Africa,0,high diet unaffordable · low log gdp per head,-2.1347953654142793,-0.21875755095749194,1.356,11.25,200.90853700865756,39.7,11.1,12.2,1.2082187740458992,0.47160465760115455,8.268988209506656,0.28118570415040794,0.3826356864136219,54.1
54,Denmark,Europe,3,high cereal per head · high agrifood co2e per head,1.9987071708210955,-1.21694942610511,6.0963,83.19,1254.114656978639,-7.1,,14.3,3.0668582560990534,0.8732515008167414,11.176487227771029,0.1601475,0.59575,1.3
55,Dominica,Americas,1,low diet unaffordable · high urban share,0.37171712059159145,0.3835859522029611,1.6898,4.89,2.9331621478740275,100.0,3.0,32.5,1.5731078033378438,0.8341363945321351,9.838362192575666,0.7641810918774967,0.29960053262316916,
56,Dominican Republic,Americas,1,low diet unaffordable · high urban share,1.5883323071839843,0.9100611391405399,4.4554,130.99,91.86188876590158,63.0,2.8,30.8,1.9480231112766317,0.8578572830570873,10.095346813810572,0.4669984368652489,0.27647193805886633,16.8
57,Belarus,Europe,3,high cereal per head · high agrifood co2e per head,2.060793693296358,-1.5672496560374427,3.3948,82.93,853.7238867242535,3.9,2.6,20.6,9.472056851491057,0.8362346489271584,10.27646390360756,0.44088611461453575,0.27581586000315306,0.7
58,Ecuador,Americas,1,low diet unaffordable · high urban share,0.13868764462315772,0.4161387400717653,4.0066999999999995,28.32,153.81747313194612,39.6,10.8,28.9,1.9079728664211395,0.6545674726632515,9.542230699092284,0.4968783217909486,0.09160274198743759,28.7
59,Egypt,Africa,2,high n per ha · high cereal yield,2.0295261274280905,2.267424562392008,7.360399999999999,375.22,205.95483802409333,42.8,8.4,43.9,0.7659949347527862,0.40757355408556045,9.729015110685573,4.1187402682204026e-05,0.042483299010497765,45.4
60,El Salvador,Americas,1,low diet unaffordable · high urban share,0.21537272202128444,0.5415801147205207,2.8192,33.98,141.20743877632,54.1,5.3,32.2,0.8627315034937106,0.7924948009629874,9.364691031806107,0.3301158301158301,0.42068532818532817,
63,Estonia,Europe,3,high cereal per head · high agrifood co2e per head,1.7290700896027593,-2.026629156415435,3.7329,51.14,958.1006448881552,-119.5,2.9,20.3,7.428794920406439,0.6611860238463088,10.625950787430126,0.5724713316171308,0.16592557921834777,10.2
66,Fiji,Oceania,1,low diet unaffordable · high urban share,-0.24476453903179005,0.8387056883595289,3.0653,29.3,11.888770693724268,92.6,7.2,39.0,1.135587705392552,0.6027913917552412,9.517236663351769,0.6174494081710576,0.07560137457044673,60.5
67,Finland,Europe,1,low diet unaffordable · high urban share,1.9281794762301636,-0.7374867742442227,3.6201,50.33,583.3646353859766,-1.2,,24.2,4.845714701442641,0.8641061290902585,10.935300989665748,0.7415460526315789,0.07386842105263157,2.0
68,France,Europe,3,high cereal per head · high agrifood co2e per head,1.7163138011117682,-0.6821654869359983,6.2808,94.89,804.7280683735613,-71.7,,11.2,2.1121192485923364,0.8213804722658787,10.911427224594425,0.3285202708971147,0.3320870396140643,3.6
72,Djibouti,Africa,0,high diet unaffordable · low log gdp per head,-1.4304322828157594,1.03410415874879,2.041,17.37,0.01489661356592928,100.0,14.7,11.7,0.9269073779819316,0.7110809927424999,8.835064935031076,0.002553925798101812,0.0019370146678170839,52.2
73,Georgia,Asia,1,low diet unaffordable · high urban share,1.0470258059796964,0.9286431200185571,2.816,103.88,109.92994666029357,66.1,2.7,35.7,1.4525417518933725,0.6175963253118049,10.12198030563491,0.446179306375018,0.05790473449417182,
74,Gabon,Africa,1,low diet unaffordable · high urban share,-0.557311382946703,0.16051432224268955,1.5873,11.19,18.801863918656203,90.6,23.3,22.7,2.5157790862725165,0.8368066824422045,9.848186236751038,0.9144269802460512,0.01921061823262312,39.2
75,Gambia,Africa,0,high diet unaffordable · low log gdp per head,-2.4722592479075836,0.09022102130675179,1.005,2.34,45.232399561157514,89.6,17.5,12.4,0.7991313437206363,0.6049069778564254,8.025516386489008,0.2134387351778656,0.6071245059288537,45.0
79,Germany,Europe,1,low diet unaffordable · high urban share,1.652374426912566,0.10493314295875548,6.7905,75.89,460.96353068910935,0.4,,20.6,2.0933599178438165,0.7600982597244434,11.0438014487515,0.32843774146467103,0.3392668059411041,5.3
80,Bosnia and Herzegovina,Europe,1,low diet unaffordable · high urban share,1.0686713646010766,0.35839971906587687,5.3617,108.15,380.10392974265966,36.6,2.8,21.0,1.690114889046499,0.555393010609455,9.929545086855418,0.42207812499999997,0.09502734375,12.7
81,Ghana,Africa,0,high diet unaffordable · low log gdp per head,-1.5327550287245029,0.08668625702317977,2.6321999999999997,14.1,180.21214460081143,32.1,6.4,14.5,0.5540970892728092,0.5792140530799089,8.861633597686627,0.3085548030395591,0.325996668615102,65.8
84,Greece,Europe,1,low diet unaffordable · high urban share,1.2380483902130712,0.42511531360631727,4.0529,67.8,286.03128420830114,34.0,,27.4,2.237240752333224,0.884803733985203,10.531402638158458,0.3694957331264546,0.22404965089216447,23.8
86,Grenada,Americas,1,low diet unaffordable · high urban share,-0.5936007380511154,0.43851580809797036,0.9966,4.86,1.5119404131152576,100.0,,31.5,1.1847285212801395,0.35259839429385614,9.78425346461243,0.5145348837209303,0.20348837209302326,23.2
89,Guatemala,Americas,1,low diet unaffordable · high urban share,-0.5938200824272188,0.43045041890186375,2.2375,73.11,126.65135728364311,54.7,12.7,28.0,1.8865346824065408,0.559713575074788,9.444700778495557,0.33117207913400526,0.2854544606196342,48.6
90,Guinea,Africa,0,high diet unaffordable · low log gdp per head,-1.9354649593594255,-0.6613163957944642,1.351,2.48,364.96675959697143,28.5,8.7,10.6,3.206287737406379,0.3974661779212642,8.298041661371565,0.20040330457431224,0.2967857724238971,50.4
91,Guyana,Americas,3,high cereal per head · high agrifood co2e per head,3.0524523745712298,-3.5292950207319707,6.562600000000001,127.06,1347.3920299559493,-105.7,2.9,30.1,17.527562554985582,0.2652141111580376,11.16360909448382,0.8707407407407407,0.005967604433077579,10.0
93,Haiti,Americas,0,high diet unaffordable · low log gdp per head,-4.37612813389171,0.19931590568880322,1.0644,2.39,27.436690261937148,82.9,51.4,11.1,1.0369344762463224,0.6095797200217421,7.940939762327791,0.1345065312046444,0.4735957910014514,87.9
95,Honduras,Americas,1,low diet unaffordable · high urban share,-0.5779071227234456,0.47609640264394726,1.8868,61.94,71.13103694051092,65.7,14.3,31.8,1.787566786984618,0.5792386877785212,8.792701462936309,0.5283358655822683,0.15415407989990168,35.2
97,Hungary,Europe,3,high cereal per head · high agrifood co2e per head,1.8163866979937744,-1.261853556027949,5.6297,79.28,1311.4048119419583,-61.4,2.5,31.4,2.6718141699400495,0.7167651133432925,10.613663910088935,0.22806267806267808,0.4681765285996055,30.0
98,Croatia,Europe,1,low diet unaffordable · high urban share,2.046295973171901,-0.3272509843521634,6.5705,97.62,847.805022804539,-50.8,2.7,30.8,2.0021826103182656,0.6121927838310335,10.664970722216369,0.3475482487491065,0.1663688348820586,12.9
99,Iceland,Europe,1,low diet unaffordable · high urban share,1.6758012859609803,0.834346517919948,1.9723,88.18,12.674251898850013,93.1,,22.2,6.211768303066896,0.8441011093147871,11.117064093004759,0.006002181890310424,0.012000396707329167,1.8
100,India,Asia,0,high diet unaffordable · low log gdp per head,-1.0824814289490319,-0.16675846898530652,3.6325,131.82,269.5666205672915,-12.4,9.8,8.0,0.9826588816220267,0.3655483208078089,9.191972714617998,0.24436043441556038,0.5650832943740561,40.6
101,Indonesia,Asia,0,high diet unaffordable · low log gdp per head,-0.6176488638098718,-0.12465033875087723,5.421399999999999,68.22,240.86259601647734,15.7,6.3,11.8,2.9351073140858848,0.5897141314280501,9.57983281962553,0.5066968306711109,0.23120680871445357,70.6
102,Iran (Islamic Republic of),Asia,1,low diet unaffordable · high urban share,0.2728889832228154,0.6215414016826409,2.7248,51.35,267.6853795383697,40.6,6.7,24.6,1.74163578562047,0.731354289870085,9.769041455983205,0.06626194144838213,0.10841294298921418,35.7
103,Iraq,Asia,1,low diet unaffordable · high urban share,0.20469656502179442,1.1744914887472087,2.651,31.36,140.12248942623384,63.0,13.4,39.7,0.714581421340692,0.7183413888379995,9.451323841418724,0.016104623039181813,0.12468223803929698,27.1
104,Ireland,Europe,1,low diet unaffordable · high urban share,2.8256954040816056,0.5028609490034003,7.3247,164.5,360.9084423513758,65.8,,27.9,7.7583789686777775,0.6199517527726361,11.68719804885051,0.11974742342865438,0.06299898388735665,1.2
105,Israel,Asia,1,low diet unaffordable · high urban share,1.0659045545045638,1.2330234937792546,2.6194,89.82,18.650928766431864,93.7,,22.2,2.0271802685172524,0.9131593505543452,10.765089759059482,0.06839186691312385,0.1628003696857671,22.7
106,Italy,Europe,1,low diet unaffordable · high urban share,0.8796051655983133,0.31483007524326145,4.9818,57.92,238.2079045827024,42.5,,14.0,1.738272814037467,0.7154210126045983,10.883034734045298,0.31818848911132147,0.3161003652103341,8.5
107,Côte d'Ivoire,Africa,0,high diet unaffordable · low log gdp per head,-1.778650646530732,0.06069420861194068,2.5416,4.25,130.5200720355556,52.1,11.4,12.8,1.6927069683825664,0.48512968685952346,8.816853240627426,0.12122484276729559,0.4235349056603774,48.7
108,Kazakhstan,Asia,3,high cereal per head · high agrifood co2e per head,1.0434286880880008,-1.3138335427203036,1.5295,2.29,1192.9519723399278,-59.4,2.5,21.1,2.5642081270218786,0.5516715227059312,10.490551734287916,0.012988887654183798,0.11368522428417972,4.0
109,Jamaica,Americas,1,low diet unaffordable · high urban share,-0.2286373792491465,0.6391352968093732,1.3422,19.54,0.8386238960261344,99.3,8.0,35.2,1.1307533736697062,0.596459182685111,9.336091577281744,0.5654847645429363,0.17903970452446907,27.1
110,Japan,Asia,1,low diet unaffordable · high urban share,0.9343612989585592,0.5212745863993568,6.2477,39.36,92.10062401618075,76.8,,5.9,1.278785002738622,0.9291025018124605,10.738720061275421,0.6834074074074075,0.11720164609053497,13.3
112,Jordan,Asia,1,low diet unaffordable · high urban share,0.6109044751403419,1.534919977677619,1.6114000000000002,56.28,7.271913937274147,100.0,12.2,35.4,0.8129301202801277,0.8411318532285813,9.161150127785412,0.007962249701556411,0.03209676329481722,2.3
113,Kyrgyzstan,Asia,1,low diet unaffordable · high urban share,-0.6051612724480199,0.353395094730217,3.4894000000000003,16.93,296.91084439220714,27.4,4.8,22.0,1.1058856868352316,0.35081920993975935,8.860641041773876,0.0654546402502607,0.07105370177267988,24.4
114,Kenya,Africa,0,high diet unaffordable · low log gdp per head,-3.3125559674258134,0.32734837730757,1.6930999999999998,21.29,88.21123898834695,49.5,34.9,11.3,1.1232803963468658,0.3126783887085529,8.67334187390617,0.06626738741220217,0.1336995592893541,76.4
115,Cambodia,Asia,0,high diet unaffordable · low log gdp per head,-0.6910379286781788,-1.7802525063477335,3.778,44.93,883.2799916502261,-3.2,4.7,4.9,5.98100881663556,0.25976504865608496,8.854950316500325,0.37626897801948783,0.2617516428733288,
116,Democratic People's Republic of Korea,Asia,0,high diet unaffordable · low log gdp per head,-1.941708768743166,-0.10904325085050416,3.6098000000000003,1.14,184.3652214288914,19.0,47.0,12.0,0.38342799911757813,0.6292341361727651,,0.6408579021675941,0.2115729590565568,
117,Republic of Korea,Asia,1,low diet unaffordable · high urban share,1.7083422494561897,0.7279362828459045,6.5443999999999996,135.16,96.37631548569838,78.5,2.5,8.4,1.8884195419718344,0.820897609498045,10.91637854079876,0.6437397540983606,0.15420081967213115,5.5
118,Kuwait,Asia,2,high n per ha · high cereal yield,3.828485997101946,3.0463997863457366,14.196,315.79,7.146805141830785,99.4,,40.4,2.548804141207436,0.9210046717939604,10.739370510108033,0.003535353535353535,0.007856341189674524,
119,Latvia,Europe,3,high cereal per head · high agrifood co2e per head,1.9663443702416148,-2.7519656754995383,3.9738,60.35,1684.0904100763355,-140.7,2.5,22.3,5.273203087979363,0.671772253536702,10.535078427396968,0.5560645990679737,0.21950827575124537,17.3
120,Lao People's Democratic Republic,Asia,0,high diet unaffordable · low log gdp per head,-0.8363788896118429,-0.9878072267406316,4.1964,64.42,549.0526870703166,-0.3,10.0,9.2,4.7844082310316525,0.3775734029325522,9.0595174822416,0.566350519930676,0.06924913344887348,51.9
121,Lebanon,Asia,1,low diet unaffordable · high urban share,-0.019663736943100047,1.1856024380382577,2.661,66.83,20.63915850637672,86.6,11.1,30.7,1.0965427688229639,0.8781836670649928,9.335209354022052,0.13804496578690126,0.24565004887585534,45.6
122,Lesotho,Africa,0,high diet unaffordable · low log gdp per head,-2.5893215405770755,0.5465538387225526,0.6035,3.61,28.889443630870407,68.4,,22.2,0.7769683560951636,0.32224847620648894,7.878534196140362,0.011370223978919632,0.19202898550724637,77.1
123,Liberia,Africa,0,high diet unaffordable · low log gdp per head,-3.051173230204775,-0.3742865003759601,1.1117000000000001,3.0,57.43996285644089,72.3,37.3,17.8,4.415295635506153,0.5426166575535957,7.406103381237015,0.6610361295681063,0.07400851328903654,62.1
124,Libya,Africa,1,low diet unaffordable · high urban share,-0.3287707314109824,1.1491511726103525,0.6597000000000001,6.68,22.327548633841136,100.0,18.7,33.7,1.8629256032891761,0.772775128867638,9.440181444738114,0.0011688282164656672,0.011650772360957977,
126,Lithuania,Europe,3,high cereal per head · high agrifood co2e per head,2.088114557809143,-3.5229972861310577,4.3873999999999995,53.61,1996.352011639986,-180.4,,21.3,7.5562721545398395,0.6753821993557436,10.761407371083953,0.3536523406294936,0.3721041699952069,13.3
129,Madagascar,Africa,0,high diet unaffordable · low log gdp per head,-4.137975957348685,-0.15154734098494319,2.3933,2.68,163.8477825528682,19.9,41.8,4.5,2.1477260913378067,0.39616194059519433,7.4127640174265625,0.17267720866277073,0.06255723616363011,85.3
130,Malawi,Africa,0,high diet unaffordable · low log gdp per head,-4.127060403577448,-0.43218178234930554,1.8775,22.43,151.4394785642637,1.9,24.5,8.0,0.9812442920892349,0.1945545766516314,7.3987862754199485,0.21995120916419175,0.45419919389053875,92.1
131,Malaysia,Asia,1,low diet unaffordable · high urban share,1.2814212888406655,0.2631181758028261,3.5436,55.91,59.17927278312054,78.1,2.7,23.3,4.075727054983136,0.769464835339478,10.437521761439,0.5766166489118856,0.2393766549992391,1.6
132,Maldives,Asia,1,low diet unaffordable · high urban share,-0.2917330750993411,0.8789207837190133,2.4415999999999998,29.8,0.3881591287592436,97.3,,17.9,0.5879112689498359,0.38913108967618354,10.044726664228852,0.12483221476510067,0.1644295302013423,4.7
133,Mali,Africa,0,high diet unaffordable · low log gdp per head,-1.9966025635386668,-0.3932054860478731,1.6562999999999999,4.25,426.5073657209493,6.5,12.1,13.3,2.777653798559787,0.4372706440055077,7.977968093128549,0.08670616871143018,0.057664298183069854,61.4
134,Malta,Europe,1,low diet unaffordable · high urban share,1.5014553595743125,1.5105004226961134,4.879899999999999,73.07,0.0,100.0,,30.6,1.357979270333761,0.7717876158018706,11.046116726621012,0.014913533238140568,0.254481992701888,4.5
136,Mauritania,Africa,0,high diet unaffordable · low log gdp per head,-1.0862473977713272,0.5989245807040954,1.5374,4.06,110.30820434499589,55.3,11.0,24.1,2.500916586177916,0.5979763589356202,8.776938645174996,0.009862229552731154,0.004462986319976715,51.7
137,Mauritius,Africa,1,low diet unaffordable · high urban share,0.8086612295675034,1.341986655228231,11.8902,78.45,1.0139485780411575,90.9,4.9,21.1,1.4211931959157906,0.4128931715609805,10.240352569152035,0.19145,0.3736,19.1
138,Mexico,Americas,1,low diet unaffordable · high urban share,1.470189742027033,0.7152377950685749,3.7517,55.98,249.4406242800806,37.6,3.1,37.4,1.8738236757476943,0.874189994579516,10.00061426326685,0.34153841405385943,0.12548531443709973,20.1
141,Mongolia,Asia,1,low diet unaffordable · high urban share,1.0235969903358988,-1.2306338869163396,1.2506,44.99,127.50631268810027,39.3,2.5,25.1,17.464063944157402,0.6709414939836688,9.731690419198387,0.0909741565838072,0.0072413178529644505,31.5
143,Morocco,Africa,1,low diet unaffordable · high urban share,-0.3037496340874625,0.5918310498271997,1.2401,17.72,84.17232210783003,64.6,6.5,21.6,1.2404298309009174,0.667360824205704,9.122928914965213,0.12760542236164016,0.20165807752632758,13.1
144,Mozambique,Africa,0,high diet unaffordable · low log gdp per head,-3.5386925230085544,-0.16945900668745473,0.7764,11.41,76.69441402439598,47.3,22.3,10.6,2.049825156175859,0.41007851000148243,7.313220387090301,0.41341247234161604,0.11014293344184746,90.7
145,Micronesia (Federated States of),Oceania,1,low diet unaffordable · high urban share,-0.7869765507294801,0.4490571771100635,1.7157,3.33,2.5610639802050192,100.0,,48.6,0.7743221166651868,0.23167196889360198,8.249052274171293,0.9206847360912983,0.034236804564907276,
146,Republic of Moldova,Europe,1,low diet unaffordable · high urban share,0.11032039323650694,-0.44989086338491,2.4061999999999997,27.51,701.7761348498384,100.0,2.7,22.3,1.9027637452030763,0.5689157125907055,9.703633190449867,0.11262678408745824,0.63164287883389,12.5
147,Namibia,Africa,0,high diet unaffordable · low log gdp per head,-1.4931231564234624,0.49684718279362816,0.1844,25.55,20.206717135331772,78.7,20.1,18.3,3.1406224235132525,0.5368097946920447,9.238052810542719,0.09770068870021499,0.009862867276415358,47.8
149,Nepal,Asia,0,high diet unaffordable · low log gdp per head,-1.1311861246551533,-0.39025604368553257,3.521,41.05,388.69130925328994,17.3,5.2,8.0,1.0423128921628684,0.23771259530942812,8.526549286340263,0.43597279386117893,0.13594698290896406,20.0
150,Netherlands (Kingdom of the),Europe,1,low diet unaffordable · high urban share,1.7132700082669736,1.0667650282234298,6.8057,95.69,57.30949508199743,90.3,,14.7,3.1072191309515462,0.8905370430938131,11.163353804302597,0.10955746955746956,0.30828630828630826,1.1
154,North Macedonia,Europe,1,low diet unaffordable · high urban share,0.9052730962198652,0.23376468790848212,3.5654,45.76,291.89852600837406,25.5,2.6,26.8,1.8361204431483313,0.6860942540601829,10.094231871403661,0.4081443298969072,0.17724028548770818,16.1
155,Vanuatu,Oceania,0,high diet unaffordable · low log gdp per head,-1.5656987198406829,-0.21327910432590585,0.6362000000000001,0.07,3.0064342525558536,98.2,5.8,22.6,3.1188377979395088,0.2534924659143259,8.06211758275474,0.7464271064074165,0.09818688981868898,
156,New Zealand,Oceania,1,low diet unaffordable · high urban share,2.30008741435534,0.11621327404854988,9.101899999999999,51.95,211.52521009048044,48.1,,34.0,10.059138836027278,0.8341928873804552,10.806003850988443,0.38872355778360107,0.022634917017963618,
157,Nicaragua,Americas,1,low diet unaffordable · high urban share,-0.45768148920387913,0.26532445068133365,2.5153000000000003,28.35,129.17209402115859,50.5,17.3,33.7,3.258432123861655,0.5794522637787343,8.892611378172106,0.4027821173342197,0.14949310287518697,27.1
158,Niger,Africa,0,high diet unaffordable · low log gdp per head,-3.5879474901521924,-0.2424101195841313,0.5774,0.46,220.69427323022452,24.3,12.9,6.8,1.6022081113791593,0.17853009195035943,7.497207223203318,0.00836835872740191,0.14081353122286255,86.7
159,Nigeria,Africa,0,high diet unaffordable · low log gdp per head,-2.679789637669356,-0.07332365057601802,1.558,7.91,122.37039318955323,16.3,22.2,13.7,0.775898477176517,0.5391445995937811,8.986446539271268,0.1894752791593926,0.49448697256167856,81.6
162,Norway,Europe,1,low diet unaffordable · high urban share,2.0911093030764354,0.8744457976604593,4.219600000000001,122.79,211.8472347247277,78.3,,20.2,2.786229334970295,0.8551390975960521,11.41976796648398,0.33247508716062263,0.02220880116397178,1.2
165,Pakistan,Asia,0,high diet unaffordable · low log gdp per head,-1.4546851648889259,0.369107228669936,3.6206,121.34,222.602455906607,-9.9,16.1,24.5,1.1871383228817725,0.34073048454127064,8.612503371220562,0.041143498339559985,0.40718399750934,64.4
166,Panama,Americas,1,low diet unaffordable · high urban share,0.7809518060637334,0.5909468710210661,4.2264,37.71,102.27928789609832,61.9,4.7,37.7,2.6243840270353256,0.7020529159396462,10.502186681552358,0.6224885413858182,0.07998333782690753,52.3
167,Czechia,Europe,1,low diet unaffordable · high urban share,1.9617925635317734,-0.24755544582357977,5.751399999999999,128.36,700.5298784196029,-49.8,,26.3,1.8315895348221913,0.739459599832673,10.778206008499323,0.3835524966839711,0.3325534368627321,6.1
168,Papua New Guinea,Oceania,0,high diet unaffordable · low log gdp per head,-1.864766675201173,0.24644744536472127,4.7871999999999995,26.21,1.778328978711487,95.2,30.5,28.0,2.707084714718082,0.12390344179956662,8.36380888451688,0.7515062050081702,0.02682948372565473,
169,Paraguay,Americas,3,high cereal per head · high agrifood co2e per head,2.5345976078089567,-7.653832769113994,3.6173,34.56,837.9322003713874,-1894.1,4.1,34.7,10.433414760585176,0.6775021420366962,9.698674957906642,0.36516819956201835,0.1172563116327552,23.2
170,Peru,Americas,1,low diet unaffordable · high urban share,0.8283891144365934,0.18847443933187505,4.850899999999999,35.86,173.11113603637494,52.0,5.7,29.2,5.189497541143953,0.8043372569777035,9.658992675310882,0.52702421875,0.048414453125,35.8
171,Philippines,Asia,0,high diet unaffordable · low log gdp per head,-0.9299820064820082,0.07339673214709792,3.8333000000000004,58.1,235.0215915554263,30.7,3.4,9.6,0.9452372344029588,0.4871580768043526,9.24725072599628,0.2480527886776,0.3771506187745246,47.4
173,Poland,Europe,3,high cereal per head · high agrifood co2e per head,1.3547878604150612,-0.962000209934543,4.8511999999999995,80.21,891.1907644374879,-31.2,,21.8,3.552270426803565,0.587084381951769,10.717812001820473,0.31002189041722483,0.37674388211846965,7.8
174,Portugal,Europe,1,low diet unaffordable · high urban share,0.7293865534652167,0.7045904992431482,5.3088,52.25,97.5819190484065,80.8,,18.1,1.856029985606004,0.6616471749664182,10.650104407449692,0.3664601290750784,0.18944004515007817,14.8
175,Guinea-Bissau,Africa,0,high diet unaffordable · low log gdp per head,-2.751485179557236,-0.4885234327276419,1.3334000000000001,0.52,146.98119155864214,50.7,20.0,12.7,1.36987882539628,0.45716405190991716,7.917171988845776,0.7481614509246088,0.24463371266002845,65.5
176,Timor-Leste,Asia,0,high diet unaffordable · low log gdp per head,-1.9886687567182901,-0.296590848137929,2.1121999999999996,,94.24276651069013,47.7,16.9,3.6,1.341925006826624,0.3527049815869625,8.266421472984554,0.7096032279757902,0.12871553463349025,
179,Qatar,Asia,2,high n per ha · high cereal yield,3.6342980487946925,2.3255130483412896,14.9765,64.88,0.5803000436619197,100.0,,42.0,3.9476186623933143,0.9728495684489981,11.616293997947261,0.001218450826805918,0.020887728459530026,2.2
181,Zimbabwe,Africa,0,high diet unaffordable · low log gdp per head,-1.7100800042633664,0.004288518026081025,1.0697999999999999,23.75,80.73395793156736,41.5,18.4,14.7,2.197207668010826,0.3768981253456322,8.559294367434873,0.3572188186635647,0.10514437120330879,
183,Romania,Europe,3,high cereal per head · high agrifood co2e per head,1.1301452621991768,-1.3368282507330862,3.5256999999999996,50.2,939.4844767481486,-138.1,,32.4,2.9911570998927264,0.5489046908433977,10.609156013649745,0.3021344749652295,0.38189586230876216,20.7
184,Rwanda,Africa,0,high diet unaffordable · low log gdp per head,-3.8853979007100756,-0.46100744986030634,1.784,9.03,68.40348100633203,35.3,22.6,5.6,0.5845178581115686,0.18075185982712388,8.09101504171053,0.26093940711496383,0.7042850419315955,72.2
185,Russian Federation,Europe,1,low diet unaffordable · high urban share,1.2578689481499699,-1.0130914638002757,3.042,18.09,831.3756418181433,-32.1,2.7,17.6,2.9100640839381056,0.7455869121442906,10.638376304675711,0.5079055887968824,0.07550893424689821,12.8
191,Saint Vincent and the Grenadines,Americas,1,low diet unaffordable · high urban share,1.3138144072441784,1.3633298665322184,13.3438,24.4,4.243857835731892,98.5,4.0,34.6,0.956582414654126,0.606474119424346,9.837027185835858,0.7341902313624679,0.12853470437017994,
193,Sao Tome and Principe,Africa,0,high diet unaffordable · low log gdp per head,-1.8921863126969414,0.2431777787809825,2.004,1.62,3.3800777800421167,85.7,23.0,17.9,0.317010798237977,0.7757922355818219,8.610865667278873,0.5755208333333334,0.450625,49.1
194,Saudi Arabia,Asia,1,low diet unaffordable · high urban share,2.0195658653599975,1.6932872775045233,5.1052,56.28,34.593023469796634,89.3,2.7,40.1,2.2576374028943706,0.9230860144834532,11.047598881275455,0.012904418776660822,0.021351915857635288,
195,Senegal,Africa,0,high diet unaffordable · low log gdp per head,-1.4894816644279198,-0.14135993556699344,2.0035,13.89,211.5708185673493,45.6,5.3,11.6,1.168570659346805,0.5166799949670262,8.403128235128264,0.45005245935698335,0.2032181997610762,47.4
197,Sierra Leone,Africa,0,high diet unaffordable · low log gdp per head,-3.017062903954478,-0.2504996216897752,1.3702999999999999,1.42,173.75484232740902,28.2,25.3,8.2,1.0032538810889933,0.45115830531327045,8.038834757787749,0.3402604599612081,0.24764062067054587,63.6
198,Slovenia,Europe,1,low diet unaffordable · high urban share,1.2628857606185682,0.18598562388100423,6.586,66.61,317.62918435245814,36.9,,19.8,2.037300297017177,0.553597800912542,10.79238653241831,0.6176512950408503,0.11449998758350095,2.3
199,Slovakia,Europe,1,low diet unaffordable · high urban share,0.9896556094658644,-0.5207902684296674,5.5602,81.13,669.5697651613654,-100.7,,26.1,1.2079594349820724,0.5354780306387059,10.604578100850384,0.40321131447587355,0.27454242928452577,27.7
202,South Africa,Africa,1,low diet unaffordable · high urban share,-0.10298508122797899,0.6455982930019947,4.562,46.41,239.25377473626517,0.7,11.2,31.8,1.3036126069853655,0.662686535497959,9.517678002086406,0.18789908415698753,0.10232546637100298,57.6
203,Spain,Europe,1,low diet unaffordable · high urban share,0.9402648428538907,-0.040994221936402134,3.7859000000000003,52.9,435.45733561764695,50.3,,15.3,1.817018140854844,0.791307634568654,10.788493994370517,0.382293255576479,0.32982042310936815,9.6
207,Suriname,Americas,3,high cereal per head · high agrifood co2e per head,2.4675071144288934,-2.251699717825494,4.4474,223.67,356.2788073092267,-4.3,12.7,30.8,22.26980024996581,0.6240930849848132,9.861571209434837,0.9153740436356881,0.0035512334898015114,25.6
208,Tajikistan,Asia,0,high diet unaffordable · low log gdp per head,-0.979809185090165,0.7191418754532299,4.1239,33.08,146.58433393035378,48.4,8.0,23.1,0.9441936845938983,0.274376548908325,8.467162257810672,0.03056416168311838,0.07567548094243101,
209,Eswatini,Africa,0,high diet unaffordable · low log gdp per head,-1.6897436569596933,0.46762830939687083,1.0831,29.6,62.53652574544062,67.5,15.1,29.6,1.833557414592046,0.30843918115385793,9.24763615671988,0.252656976744186,0.11475581395348837,69.1
210,Sweden,Europe,1,low diet unaffordable · high urban share,1.8804061878910527,-0.2837607414533237,5.2423,73.34,485.5001871877239,-13.4,,17.5,3.0181603571968103,0.8703601273083933,11.050556616472432,0.685884057259312,0.06189996808014339,4.8
211,Switzerland,Europe,1,low diet unaffordable · high urban share,1.1831100163904238,0.7737752989630113,4.5835,64.89,70.3957450705174,64.6,,11.3,1.6453695656903773,0.7415225385483336,11.317956262838909,0.3202231962182384,0.1072537252310386,1.1
212,Syrian Arab Republic,Asia,0,high diet unaffordable · low log gdp per head,-2.789750718360057,0.5363320463110377,1.6068,6.94,175.52969347571977,49.8,40.8,33.0,0.7422963104771796,0.5290309637024799,8.40178233990491,0.028741491041768773,0.2967341937591897,73.5
213,Turkmenistan,Asia,1,low diet unaffordable · high urban share,1.2454879165246522,1.0157517780530496,1.7117,303.95,198.39009897660924,22.4,4.1,22.2,3.1580061370602888,0.4624348422002381,9.834244649793968,0.049581852616347115,0.035745962164577705,
215,United Republic of Tanzania,Africa,0,high diet unaffordable · low log gdp per head,-2.605698697029568,-0.585720826730335,1.8720999999999999,9.88,225.61370914013514,1.8,19.1,11.5,2.443926737625486,0.39278197685574145,8.21959545417708,0.4962556561085973,0.17986425339366516,73.0
216,Thailand,Asia,1,low diet unaffordable · high urban share,0.18934032775985865,-0.8066005736536189,3.0848,78.71,539.1488025250205,-18.5,5.4,16.4,3.4493867174803756,0.5279741473500639,9.986955157777391,0.38727514729198065,0.42232417937325056,
217,Togo,Africa,0,high diet unaffordable · low log gdp per head,-2.263191019205014,-0.26416518845493697,1.1977,12.21,182.36633946973302,13.6,10.2,13.4,0.7728651300789776,0.4931986432497105,7.993282328101591,0.22456701599558743,0.5069056811913955,54.1
220,Trinidad and Tobago,Americas,1,low diet unaffordable · high urban share,0.37289407783560463,-0.9016672679395892,0.9757,17.39,0.5202343574866923,100.0,10.4,30.9,13.991262146258116,0.49063989356551546,10.37224039988021,0.4416341653666147,0.10395865834633387,32.0
221,Oman,Asia,2,high n per ha · high cereal yield,3.731576392756901,3.1272878419408494,27.671799999999998,99.25,45.75523266139522,88.6,7.1,30.5,2.3923935722180776,0.92783655064112,10.51110407747908,5.1696284329563814e-05,0.004173828756058159,
222,Tunisia,Africa,1,low diet unaffordable · high urban share,0.21217427900231692,0.7155050429012647,1.8911,14.26,122.52279587971402,87.0,2.8,26.1,1.3848328800843184,0.7121745029713429,9.455245415071905,0.04439945932028836,0.31484294541709573,8.7
223,Türkiye,Asia,1,low diet unaffordable · high urban share,1.5326715944739342,0.22322112903243338,3.4286999999999996,79.79,446.04544183255774,35.0,3.1,28.8,1.8080438784234778,0.7636033667450501,10.4955428715348,0.2947998388836194,0.31214999415303457,4.6
225,United Arab Emirates,Asia,2,high n per ha · high cereal yield,5.142447268035353,3.599187537959179,22.4743,362.14,1.8333239776191972,100.0,2.5,31.6,1.9807042626343474,0.8229282526757418,11.15198429074153,0.04565474514221346,0.013749647986482682,2.0
226,Uganda,Africa,0,high diet unaffordable · low log gdp per head,-3.4837530014769023,-0.3344318908403015,1.9198,1.45,113.36578167245999,15.3,20.9,9.5,1.233283296956974,0.2926267735346763,7.965545573129992,0.11947785757031718,0.5734590065828845,74.4
229,United Kingdom of Great Britain and Northern Ireland,Europe,1,low diet unaffordable · high urban share,2.045167707491968,0.9217607217708761,6.5582,113.11,281.19410469975844,23.8,,27.4,1.8315761862454332,0.8440137977573958,10.870870558594627,0.13497292605299055,0.25492774356218745,2.9
230,Ukraine,Europe,3,high cereal per head · high agrifood co2e per head,0.8695393852136469,-2.5229922911586877,5.1476999999999995,28.56,1469.9301411896142,-298.4,10.8,22.8,2.147976953017791,0.7924566790035378,9.700146628518098,0.17348981705212288,0.5829651363479461,
231,United States of America,Americas,3,high cereal per head · high agrifood co2e per head,3.119828210650875,-0.6790727308181795,8.4135,59.08,1317.1769465875861,-20.3,,41.0,3.0092022392103397,0.8241932089236992,11.231742229258277,0.337764090858406,0.16915603525365622,4.6
233,Burkina Faso,Africa,0,high diet unaffordable · low log gdp per head,-2.800785670610874,-0.38660009530427664,1.1979000000000002,6.42,221.21847241264845,20.5,11.7,7.7,1.99352312816732,0.3288534977670394,7.843064016692054,0.12269115497076023,0.31389290935672515,65.1
234,Uruguay,Americas,3,high cereal per head · high agrifood co2e per head,2.755798707215778,-1.3932517884009876,5.0577,91.11,1215.6264830561024,-60.5,2.6,34.9,9.267483982820954,1.001587143165924,10.374709189708955,0.11459580838323354,0.1261650363395347,33.2
235,Uzbekistan,Asia,1,low diet unaffordable · high urban share,1.4305595316495756,1.1712594259497888,5.4962,207.19,228.1364222879804,28.0,2.6,31.2,1.9714234369181216,0.4844318328169085,9.254357257392957,0.08786914779594536,0.1,10.5
236,Venezuela (Bolivarian Republic of),Americas,1,low diet unaffordable · high urban share,1.0900911007856626,0.5199901792066718,4.3145,34.85,122.74333534127476,49.3,5.3,23.0,3.076541707893338,1.0805077023171146,,0.5344088203616575,0.037412845076809705,
237,Viet Nam,Asia,1,low diet unaffordable · high urban share,0.22155825357947032,-0.27977009266559866,6.0378,151.49,473.85457991527227,15.4,6.1,2.4,1.4435749226085663,0.4057510793370285,9.576024610072503,0.47115965657293996,0.37166426846271405,7.9
238,Ethiopia,Africa,0,high diet unaffordable · low log gdp per head,-3.1194876502558975,-0.30777335303309067,2.6315999999999997,29.65,240.52119946569343,8.6,19.9,2.9,1.2498630929493102,0.2211424089518498,7.969703583278656,0.2383939968709642,0.16448050626359687,70.9
250,Democratic Republic of the Congo,Africa,0,high diet unaffordable · low log gdp per head,-4.220765609060258,-0.4213863174633881,0.8717999999999999,1.74,40.15879468428025,24.8,39.5,6.7,2.058353131647532,0.44485271344147786,7.379008127628304,0.6152133389206237,0.08164561875565163,90.8
251,Zambia,Africa,0,high diet unaffordable · low log gdp per head,-3.197137996900917,-0.34046754735679124,2.3183000000000002,53.75,82.61820995548852,-9.7,41.0,11.6,3.1341029190118785,0.4618296186020745,8.218247926685745,0.6049509678634364,0.05166184640632777,86.3
255,Belgium,Europe,1,low diet unaffordable · high urban share,2.2480242880147387,1.1853270818758939,6.8555,140.73,164.65533889729267,71.7,,20.8,1.9410608207553846,0.9860131770272558,11.056398614611616,0.21988429282664057,0.29075346081978815,1.0
256,Luxembourg,Europe,1,low diet unaffordable · high urban share,1.8458990554020702,0.5302766771933642,5.2078999999999995,60.81,209.1567167283771,38.7,,19.0,2.1646315279853496,0.8697484235612953,11.76348961186043,0.34453827210366444,0.24393076606356281,0.9
272,Serbia,Europe,3,high cereal per head · high agrifood co2e per head,1.652137078092907,-1.281227629362999,5.1716999999999995,95.55,1295.1790263257592,-41.6,,21.8,2.260246580604946,0.7303680582689154,10.199918739620157,0.39223324469937326,0.31422913001334646,9.4
273,Montenegro,Europe,1,low diet unaffordable · high urban share,0.7689329528197048,0.6674354269785017,2.6995999999999998,70.91,10.817270419230702,96.1,3.0,17.1,1.730495681491022,0.6776855620936633,10.24373835566069,0.6148698884758365,0.014165576208178439,8.0
276,Sudan,Africa,0,high diet unaffordable · low log gdp per head,-1.939117257795732,0.09635900130627954,0.5802999999999999,5.68,133.34012970692777,,10.9,17.8,1.9261839452559708,0.3487466134834129,7.528869256642251,0.11860032119914347,0.11354925053533191,
277,South Sudan,Africa,0,high diet unaffordable · low log gdp per head,-2.6298245648760346,-0.32198958240191444,0.945,0.08,100.47383460399243,,19.1,8.9,5.281538074088678,0.27136584465673447,,0.11327995189340591,0.039211463294985205,95.0
299,Palestine,Asia,1,low diet unaffordable · high urban share,0.4976085281141308,1.209411103379226,2.5215,48.38,8.72050621363286,,,37.1,1.072563337963949,0.8157205948047884,8.657476736863293,0.01842323651452282,0.18788381742738589,6.7
